"original canceled date","resurrected canceled date","original created date","resurrected created date","original end date","resurrected end date","original next charge date","resurrected next charge date","original plan","resurrected plan",student_id,"original subscription id","resurrected subscription id","days to resurrection"
NULL,NULL,"2021-02-09 19:06:58","2021-02-12 16:15:47","2021-02-10 00:00:00","2022-02-21 00:00:00","2022-02-09 00:00:00","2022-02-12 00:00:00",annual,annual,144384,3317,3351,2
"2021-01-09 02:00:00","2021-03-22 00:00:00","2021-01-28 23:44:10","2021-02-12 17:20:20","2021-02-09 00:00:00","2022-03-12 00:00:00","2021-02-09 02:00:00","2022-03-12 00:00:00",monthly,annual,5974,331,3352,3
"2021-02-27 00:00:00","2021-08-28 00:00:00","2021-01-30 21:41:33","2021-03-06 12:51:15","2021-02-28 00:00:00","2021-09-06 00:00:00","2021-02-28 00:00:00","2021-09-06 00:00:00",monthly,annual,143523,3220,3564,6
NULL,NULL,"2021-02-24 13:40:17","2021-03-10 15:51:50","2021-03-01 00:00:00",NULL,"2022-02-24 00:00:00","2023-03-10 00:00:00",annual,annual,145524,3470,3605,9
"2021-02-28 00:00:00",NULL,"2021-01-28 23:44:53","2021-03-11 17:23:43","2021-03-09 00:00:00","2021-05-15 00:00:00","2021-03-09 00:00:00","2021-05-11 00:00:00",annual,monthly,6131,1448,3616,2
"2021-02-20 00:00:00",NULL,"2021-01-28 23:44:10","2021-03-16 17:30:30","2021-02-27 00:00:00",NULL,"2021-02-27 02:00:00","2023-03-16 00:00:00",monthly,annual,4537,460,3675,17
"2021-02-18 00:00:00","2022-03-17 00:00:00","2021-01-28 23:44:10","2021-03-17 16:16:41","2021-02-19 00:00:00","2022-03-17 00:00:00","2021-02-19 02:00:00","2022-03-17 00:00:00",monthly,annual,5971,148,3705,26
NULL,"2022-03-19 00:00:00","2021-02-09 23:13:01","2021-03-19 04:50:55","2021-03-13 00:00:00","2022-03-19 00:00:00","2021-03-09 00:00:00","2022-03-19 00:00:00",monthly,annual,144400,3319,3787,6
NULL,"2022-03-21 00:00:00","2021-01-28 23:46:34","2021-03-22 18:01:51","2021-02-18 00:00:00","2022-03-22 00:00:00","2021-02-09 02:00:00","2022-03-22 00:00:00",annual,annual,9101,3180,3826,32
NULL,"2021-04-28 00:00:00","2021-02-21 02:40:56","2021-03-28 10:52:40","2021-03-21 00:00:00","2021-04-28 00:00:00","2021-03-21 00:00:00","2021-04-28 00:00:00",monthly,monthly,5382,3423,3913,7
"2021-02-18 00:00:00","2021-11-30 00:00:00","2021-01-28 23:44:53","2021-03-30 18:51:18","2021-03-15 00:00:00","2021-12-30 00:00:00","2021-03-15 00:00:00","2021-12-30 00:00:00",monthly,monthly,2501,998,3925,15
"2021-02-15 00:00:00","2021-10-01 00:00:00","2021-02-15 18:25:01","2021-04-01 15:33:03","2021-03-15 00:00:00","2021-11-01 00:00:00","2021-03-15 00:00:00","2021-11-01 00:00:00",monthly,monthly,1994,3374,3940,17
NULL,NULL,"2021-02-24 09:02:14","2021-04-03 20:03:49","2021-03-28 00:00:00","2021-05-07 00:00:00","2021-03-24 00:00:00","2021-05-03 00:00:00",monthly,monthly,145386,3466,3962,6
"2020-04-15 03:00:00","2021-04-16 00:00:00","2021-01-28 23:46:06","2021-04-16 11:45:03","2021-04-14 00:00:00","2022-04-16 00:00:00","2021-04-15 03:00:00","2023-04-16 00:00:00",annual,annual,15345,2882,4052,2
"2021-04-15 00:00:00","2021-05-13 00:00:00","2021-03-30 23:52:18","2021-04-26 01:09:34","2021-04-20 00:00:00","2021-05-15 00:00:00","2021-04-30 00:00:00","2021-05-26 00:00:00",annual,annual,8855,3928,4122,6
NULL,NULL,"2021-01-28 23:46:06","2021-04-26 11:59:54","2021-04-23 00:00:00",NULL,"2021-04-14 03:00:00","2023-04-26 00:00:00",annual,annual,37860,2908,4123,3
NULL,"2021-06-21 00:00:00","2021-02-18 00:37:14","2021-04-26 18:25:24","2021-03-18 00:00:00","2021-06-26 00:00:00","2021-03-18 00:00:00","2021-06-26 00:00:00",monthly,monthly,18692,3404,4125,39
"2021-03-13 00:00:00","2021-04-27 00:00:00","2021-01-28 23:46:06","2021-04-27 08:57:25","2021-04-23 00:00:00","2021-05-27 00:00:00","2021-04-23 03:00:00","2021-05-27 00:00:00",annual,monthly,14915,2404,4131,4
NULL,NULL,"2021-01-28 23:46:06","2021-05-01 06:08:00","2021-04-27 00:00:00",NULL,"2021-04-18 03:00:00","2023-05-01 00:00:00",annual,annual,10131,2679,4153,4
"2021-02-20 00:00:00","2021-06-29 00:00:00","2021-01-28 23:44:10","2021-05-01 16:39:41","2021-02-21 00:00:00","2021-07-01 00:00:00","2021-02-21 00:00:00","2021-07-01 00:00:00",monthly,monthly,804,78,4158,69
"2021-04-20 00:00:00","2021-06-01 00:00:00","2021-01-28 23:46:06","2021-05-03 17:44:24","2021-04-22 00:00:00","2021-06-03 00:00:00","2021-04-22 03:00:00","2021-06-03 00:00:00",annual,monthly,3850,2445,4174,11
"2021-03-22 00:00:00",NULL,"2021-01-28 23:46:06","2021-05-04 04:00:48","2021-04-21 00:00:00",NULL,"2021-04-21 03:00:00","2023-05-04 00:00:00",annual,annual,14633,2549,4182,13
NULL,NULL,"2021-01-28 23:46:06","2021-05-11 21:49:49","2021-05-07 00:00:00",NULL,"2021-04-28 03:00:00","2023-05-11 00:00:00",annual,annual,9188,2093,4233,4
"2021-02-10 00:00:00","2022-05-16 00:00:00","2021-01-28 23:44:10","2021-05-16 05:57:17","2021-03-10 00:00:00","2022-05-17 00:00:00","2021-03-10 00:00:00","2023-05-16 00:00:00",monthly,annual,4132,328,4251,67
"2021-04-22 00:00:00","2022-04-07 00:00:00","2021-01-28 23:46:06","2021-05-17 07:43:00","2021-04-23 00:00:00","2022-05-17 00:00:00","2021-04-23 03:00:00","2022-05-17 00:00:00",annual,annual,2917,2374,4262,24
"2021-02-27 00:00:00","2021-05-21 00:00:00","2021-01-28 23:44:53","2021-05-17 08:26:04","2021-02-28 00:00:00","2021-06-17 00:00:00","2021-02-28 00:00:00","2021-06-17 00:00:00",monthly,monthly,2930,1093,4263,78
NULL,NULL,"2021-03-19 08:50:59","2021-05-24 01:06:33","2021-04-23 00:00:00","2022-08-28 00:00:00","2021-04-19 00:00:00","2022-08-24 00:00:00",monthly,annual,146625,3794,4303,31
"2021-04-19 00:00:00",NULL,"2021-01-28 23:46:06","2021-05-28 15:39:16","2021-04-21 00:00:00",NULL,"2021-04-21 03:00:00","2023-05-28 00:00:00",annual,annual,5334,2550,4369,37
"2020-02-02 02:00:00","2021-05-30 00:00:00","2021-01-28 23:46:34","2021-05-30 03:49:20","2021-02-01 00:00:00","2022-05-30 00:00:00","2021-02-02 02:00:00","2022-05-30 00:00:00",annual,annual,2851,3187,4398,118
"2021-05-31 00:00:00",NULL,"2021-04-29 20:56:08","2021-05-31 10:44:18","2021-05-29 00:00:00","2021-10-04 00:00:00","2021-05-29 00:00:00","2021-09-30 00:00:00",monthly,monthly,149617,4146,4446,2
"2021-03-15 00:00:00","2022-06-03 00:00:00","2021-01-28 23:46:06","2021-06-03 10:48:53","2021-04-15 00:00:00","2022-06-03 00:00:00","2021-04-15 03:00:00","2023-06-03 00:00:00",annual,annual,19005,2861,4552,49
NULL,"2022-09-23 00:00:00","2021-01-28 23:44:54","2021-06-25 02:10:31","2021-06-16 00:00:00","2022-09-25 00:00:00","2021-06-07 03:00:00","2022-09-25 00:00:00",annual,annual,9952,1932,4711,9
"2021-02-19 00:00:00","2021-11-18 00:00:00","2021-01-28 23:44:54","2021-06-27 14:06:55","2021-02-25 00:00:00","2021-11-27 00:00:00","2021-02-25 02:00:00","2021-11-27 00:00:00",monthly,monthly,6408,1976,4719,122
NULL,NULL,"2021-01-28 23:46:06","2021-06-29 03:03:37","2021-03-03 00:00:00","2021-08-02 00:00:00","2021-02-27 02:00:00","2021-07-29 00:00:00",monthly,monthly,3367,2216,4728,118
NULL,"2021-12-27 00:00:00","2021-01-28 23:44:53","2021-06-30 14:19:35","2021-06-25 00:00:00","2021-12-30 00:00:00","2021-06-21 00:00:00","2021-12-30 00:00:00",monthly,monthly,5791,1363,4737,5
NULL,NULL,"2021-03-02 20:36:58","2021-07-01 00:14:47","2021-06-06 00:00:00","2021-09-05 00:00:00","2021-06-02 00:00:00","2021-09-01 00:00:00",monthly,monthly,2943,3532,4739,25
NULL,NULL,"2021-01-28 23:44:54","2021-07-01 07:40:02","2021-06-26 00:00:00",NULL,"2021-06-17 03:00:00","2023-07-01 00:00:00",annual,annual,18868,1890,4742,5
NULL,NULL,"2021-04-11 10:34:14","2021-07-03 08:36:11","2021-06-15 00:00:00","2021-08-07 00:00:00","2021-06-11 00:00:00","2021-08-03 00:00:00",monthly,monthly,148901,4016,4751,18
"2021-05-27 00:00:00","2021-07-05 00:00:00","2021-05-26 18:20:35","2021-07-05 19:50:20","2021-06-01 00:00:00","2021-08-05 00:00:00","2022-05-26 00:00:00","2021-08-05 00:00:00",annual,monthly,156080,4333,4768,34
"2021-03-17 00:00:00","2021-11-13 00:00:00","2021-01-28 23:46:34","2021-07-13 21:27:01","2021-04-05 00:00:00","2021-12-13 00:00:00","2021-04-05 03:00:00","2021-12-13 00:00:00",annual,monthly,5684,3071,4825,99
"2020-07-08 03:00:00","2022-07-14 00:00:00","2021-01-28 23:44:54","2021-07-14 15:41:36","2021-07-08 00:00:00","2022-07-14 00:00:00","2021-07-08 03:00:00","2023-07-14 00:00:00",annual,annual,2324,1748,4829,6
"2021-06-04 00:00:00",NULL,"2021-03-17 12:02:03","2021-07-21 01:02:20","2021-06-09 00:00:00",NULL,"2022-05-17 00:00:00","2023-07-21 00:00:00",annual,annual,147005,3694,4890,42
"2021-04-27 00:00:00",NULL,"2021-01-28 23:46:06","2021-07-23 19:22:12","2021-04-28 00:00:00",NULL,"2021-04-28 03:00:00","2023-07-23 00:00:00",annual,annual,8018,2137,4927,86
"2021-05-03 00:00:00","2022-07-25 00:00:00","2021-05-01 23:12:15","2021-07-23 23:58:53","2021-06-01 00:00:00","2023-07-23 00:00:00","2021-06-01 00:00:00","2023-07-23 00:00:00",annual,annual,150819,4163,4934,52
NULL,NULL,"2021-01-28 23:44:54","2021-07-24 22:49:10","2021-06-10 00:00:00","2021-09-28 00:00:00","2021-06-01 03:00:00","2021-09-24 00:00:00",annual,monthly,3297,1958,4944,44
NULL,NULL,"2021-06-10 10:56:23","2021-07-26 21:27:06","2021-07-20 00:00:00","2021-08-30 00:00:00","2021-07-10 00:00:00","2021-08-26 00:00:00",monthly,monthly,157184,4625,4996,6
NULL,NULL,"2021-07-18 02:47:39","2021-07-28 13:58:46","2021-07-22 00:00:00","2022-07-28 00:00:00","2021-08-18 00:00:00","2023-10-28 00:00:00",monthly,annual,160452,4852,5023,6
"2021-07-20 00:00:00",NULL,"2021-06-23 19:56:23","2021-07-29 01:59:37","2021-07-23 00:00:00",NULL,"2021-07-23 00:00:00","2023-07-29 00:00:00",monthly,annual,8974,4702,5044,6
"2021-07-03 00:00:00",NULL,"2021-01-28 23:44:54","2021-07-29 02:47:40","2021-07-09 00:00:00",NULL,"2021-07-09 03:00:00","2023-07-29 00:00:00",annual,annual,5211,1704,5046,20
"2021-06-13 00:00:00","2021-08-11 00:00:00","2021-01-28 23:44:53","2021-07-30 04:29:16","2021-07-11 00:00:00","2021-08-30 00:00:00","2021-07-11 00:00:00","2021-08-30 00:00:00",monthly,monthly,11402,1152,5062,19
NULL,NULL,"2021-03-12 05:20:06","2021-07-31 02:50:55","2021-03-16 00:00:00","2021-08-02 00:00:00","2022-03-12 00:00:00","2022-07-31 00:00:00",annual,annual,146547,3620,5065,137
NULL,NULL,"2021-01-28 23:46:06","2021-08-02 17:00:46","2021-04-30 00:00:00","2022-08-11 00:00:00","2021-04-21 03:00:00","2022-08-02 00:00:00",annual,annual,2512,2543,5078,94
NULL,"2022-01-08 00:00:00","2021-06-01 07:29:31","2021-08-08 15:22:23","2021-08-05 00:00:00","2022-02-08 00:00:00","2021-08-01 00:00:00","2022-02-08 00:00:00",monthly,monthly,156561,4488,5119,3
NULL,"2022-08-17 00:00:00","2021-04-06 10:47:19","2021-08-12 15:25:54","2021-08-10 00:00:00","2023-08-12 00:00:00","2021-08-06 00:00:00","2023-08-12 00:00:00",annual,annual,148467,3979,5137,2
"2021-08-03 00:00:00","2021-10-04 00:00:00","2021-07-03 16:23:35","2021-08-16 17:42:39","2021-08-04 00:00:00","2021-10-16 00:00:00","2021-09-03 00:00:00","2021-10-16 00:00:00",monthly,monthly,159058,4752,5151,12
NULL,"2021-08-16 00:00:00","2021-07-05 20:28:08","2021-08-16 20:12:21","2021-08-09 00:00:00","2021-09-16 00:00:00","2021-08-05 00:00:00","2021-09-16 00:00:00",monthly,monthly,158315,4769,5152,7
"2021-01-14 02:00:00",NULL,"2021-01-28 23:46:34","2021-08-19 10:42:28","2021-02-13 00:00:00",NULL,"2021-02-13 02:00:00","2023-08-19 00:00:00",monthly,annual,6808,3139,5180,187
NULL,NULL,"2021-01-28 23:44:54","2021-08-23 14:25:28","2021-06-22 00:00:00","2022-09-01 00:00:00","2021-06-12 03:00:00","2022-08-23 00:00:00",annual,annual,17547,1911,5214,62
"2021-04-09 00:00:00",NULL,"2021-01-28 23:46:06","2021-08-23 14:44:23","2021-04-18 00:00:00",NULL,"2021-04-18 03:00:00","2023-08-23 00:00:00",annual,annual,709,2673,5215,127
"2021-02-20 00:00:00",NULL,"2021-01-28 23:44:10","2021-08-23 14:56:43","2021-03-03 00:00:00",NULL,"2021-03-03 00:00:00","2023-08-23 00:00:00",monthly,annual,1362,612,5216,173
NULL,NULL,"2021-01-28 23:46:06","2021-08-23 15:28:45","2021-05-01 00:00:00","2022-09-01 00:00:00","2021-04-22 03:00:00","2022-08-23 00:00:00",annual,annual,2295,2478,5218,114
"2021-07-28 00:00:00","2022-03-28 00:00:00","2021-01-28 23:44:53","2021-08-23 15:52:25","2021-08-18 00:00:00","2022-11-23 00:00:00","2021-08-18 03:00:00","2022-11-23 00:00:00",annual,annual,3822,1530,5219,5
"2021-07-03 00:00:00",NULL,"2021-01-28 23:44:54","2021-08-23 16:19:41","2021-07-09 00:00:00","2022-09-01 00:00:00","2021-07-09 03:00:00","2022-08-23 00:00:00",annual,annual,19597,1724,5220,45
"2020-03-02 02:00:00","2021-08-23 00:00:00","2021-01-28 23:46:34","2021-08-23 23:35:33","2021-03-01 00:00:00","2022-11-23 00:00:00","2021-03-02 02:00:00","2023-11-23 00:00:00",annual,annual,15328,3150,5223,175
NULL,NULL,"2021-01-28 23:46:34","2021-08-24 00:28:10","2021-03-18 00:00:00",NULL,"2021-03-09 02:00:00","2023-08-24 00:00:00",annual,annual,1661,3143,5224,159
NULL,NULL,"2021-01-28 23:44:54","2021-08-24 22:54:28","2021-07-19 00:00:00","2022-08-24 00:00:00","2021-07-15 03:00:00","2023-08-24 00:00:00",annual,annual,1693,1644,5231,36
NULL,"2022-02-27 00:00:00","2021-02-14 10:03:40","2021-08-25 11:07:57","2021-03-01 00:00:00","2022-08-25 00:00:00","2022-02-14 00:00:00","2022-08-25 00:00:00",annual,annual,143655,3363,5237,177
NULL,NULL,"2021-01-28 23:46:34","2021-08-25 21:09:50","2021-04-21 00:00:00",NULL,"2021-04-12 03:00:00","2023-08-25 00:00:00",annual,annual,86545,2977,5244,126
"2021-02-10 00:00:00",NULL,"2021-01-28 23:44:10","2021-08-25 23:39:23","2021-02-14 00:00:00","2022-08-26 00:00:00","2021-02-14 02:00:00","2022-08-25 00:00:00",monthly,annual,3195,255,5247,192
NULL,NULL,"2021-01-28 23:46:06","2021-08-26 11:14:55","2021-04-23 00:00:00",NULL,"2021-04-14 03:00:00","2023-08-26 00:00:00",annual,annual,13464,2933,5252,125
NULL,NULL,"2021-01-28 23:46:06","2021-08-26 13:08:18","2021-04-24 00:00:00",NULL,"2021-04-15 03:00:00","2023-08-26 00:00:00",annual,annual,9380,2884,5254,124
"2021-03-16 00:00:00",NULL,"2021-01-28 23:46:06","2021-08-26 16:38:42","2021-04-16 00:00:00","2022-08-26 00:00:00","2021-04-16 03:00:00","2022-08-26 00:00:00",annual,annual,10504,2804,5260,132
"2021-02-12 00:00:00",NULL,"2021-01-28 23:44:54","2021-08-26 22:45:31","2021-07-05 00:00:00",NULL,"2021-07-05 03:00:00","2023-08-26 00:00:00",annual,annual,12330,1797,5262,52
"2021-04-25 00:00:00",NULL,"2021-01-28 23:44:54","2021-08-26 22:47:03","2021-05-25 00:00:00",NULL,"2021-05-25 03:00:00","2023-08-26 00:00:00",annual,annual,6363,1977,5263,93
"2021-04-03 00:00:00",NULL,"2021-01-28 23:46:06","2021-08-26 23:27:28","2021-04-23 00:00:00",NULL,"2021-04-23 03:00:00","2023-08-26 00:00:00",annual,annual,4371,2365,5264,125
"2021-04-18 00:00:00",NULL,"2021-01-28 23:46:06","2021-08-27 03:19:25","2021-04-21 00:00:00",NULL,"2021-04-21 03:00:00","2023-08-27 00:00:00",annual,annual,7568,2552,5266,128
"2021-02-06 00:00:00",NULL,"2021-01-28 23:46:06","2021-08-27 06:36:57","2021-04-15 00:00:00",NULL,"2021-04-15 03:00:00","2023-08-27 00:00:00",annual,annual,14347,2888,5268,134
"2021-04-22 00:00:00","2021-08-30 00:00:00","2021-01-28 23:46:06","2021-08-27 08:02:21","2021-04-29 00:00:00","2022-08-27 00:00:00","2021-04-29 03:00:00","2022-08-27 00:00:00",annual,annual,8791,2079,5270,120
NULL,NULL,"2021-01-28 23:46:34","2021-08-27 08:15:17","2021-04-13 00:00:00","2022-09-05 00:00:00","2021-04-04 03:00:00","2022-08-27 00:00:00",annual,annual,2807,3081,5273,136
"2021-03-17 00:00:00",NULL,"2021-01-28 23:46:06","2021-08-27 09:27:16","2021-04-17 00:00:00",NULL,"2021-04-17 03:00:00","2023-08-27 00:00:00",annual,annual,2243,2735,5274,132
NULL,NULL,"2021-01-28 23:46:06","2021-08-27 12:04:18","2021-04-28 00:00:00",NULL,"2021-04-24 03:00:00","2023-08-27 00:00:00",annual,annual,9112,2288,5277,121
"2021-08-06 00:00:00","2022-11-22 00:00:00","2021-07-06 02:49:58","2021-08-27 12:19:40","2021-08-06 00:00:00","2022-11-27 00:00:00","2021-08-06 00:00:00","2022-11-27 00:00:00",monthly,annual,159359,4771,5278,21
"2021-08-07 00:00:00","2022-07-22 00:00:00","2021-07-16 10:01:08","2021-08-27 12:57:14","2021-08-16 00:00:00","2022-08-27 00:00:00","2021-08-16 00:00:00","2022-08-27 00:00:00",monthly,annual,160705,4842,5279,11
NULL,NULL,"2021-01-28 23:44:54","2021-08-27 13:58:18","2021-07-30 00:00:00",NULL,"2021-07-09 03:00:00","2023-08-27 00:00:00",annual,annual,9409,1731,5283,28
NULL,NULL,"2021-05-30 19:30:58","2021-08-29 19:50:56","2021-07-05 00:00:00","2021-10-03 00:00:00","2021-06-30 00:00:00","2021-09-29 00:00:00",monthly,monthly,29303,4419,5298,55
"2021-06-28 00:00:00",NULL,"2021-01-28 23:44:54","2021-08-30 16:18:01","2021-07-27 00:00:00","2022-09-08 00:00:00","2021-07-27 00:00:00","2022-08-30 00:00:00",monthly,annual,2764,1585,5309,34
NULL,"2022-11-30 00:00:00","2021-01-28 23:46:34","2021-08-31 02:13:19","2021-04-06 00:00:00","2023-11-30 00:00:00","2021-03-31 03:00:00","2023-11-30 00:00:00",annual,annual,2495,3112,5319,147
"2021-07-29 00:00:00","2022-08-30 00:00:00","2021-01-28 23:44:53","2021-08-31 15:33:45","2021-08-03 00:00:00","2022-08-31 00:00:00","2021-08-03 03:00:00","2022-08-31 00:00:00",annual,annual,13538,1565,5329,28
NULL,NULL,"2021-03-30 20:03:15","2021-08-31 18:47:00","2021-04-23 00:00:00",NULL,"2022-03-30 00:00:00","2023-02-01 00:00:00",annual,annual,146990,3926,5331,130
"2021-08-21 00:00:00","2021-09-27 00:00:00","2021-07-26 10:09:36","2021-09-01 13:27:35","2021-08-26 00:00:00","2021-10-01 00:00:00","2021-08-26 00:00:00","2021-10-01 00:00:00",monthly,monthly,161118,4981,5341,6
"2021-08-04 00:00:00","2021-11-03 00:00:00","2021-04-07 09:41:22","2021-09-02 08:33:26","2021-08-07 00:00:00","2021-12-02 00:00:00","2021-08-07 00:00:00","2021-12-02 00:00:00",monthly,monthly,148222,3984,5345,26
NULL,NULL,"2021-07-23 20:49:41","2021-09-07 23:46:12","2021-08-27 00:00:00","2021-10-11 00:00:00","2021-08-23 00:00:00","2021-10-07 00:00:00",monthly,monthly,161362,4930,5375,11
NULL,NULL,"2021-01-28 23:44:54","2021-09-09 14:41:46","2021-08-03 00:00:00",NULL,"2021-07-23 03:00:00","2023-09-09 00:00:00",annual,annual,3698,1593,5383,37
"2021-02-03 00:00:00","2021-09-19 00:00:00","2021-02-03 06:06:52","2021-09-19 05:46:05","2021-03-03 00:00:00","2021-10-19 00:00:00","2021-03-03 00:00:00","2021-10-19 00:00:00",monthly,monthly,143714,3264,5424,200
NULL,NULL,"2021-01-28 23:44:53","2021-09-21 11:11:19","2021-09-18 00:00:00","2022-09-30 00:00:00","2021-09-09 03:00:00","2022-09-21 00:00:00",annual,annual,3291,1451,5443,3
"2021-05-25 00:00:00","2022-05-09 00:00:00","2021-02-24 03:52:49","2021-09-24 00:57:12","2021-05-25 00:00:00","2022-05-24 00:00:00","2021-06-24 00:00:00","2022-05-24 00:00:00",monthly,monthly,145484,3462,5469,122
"2021-02-07 00:00:00","2021-11-21 00:00:00","2021-01-28 23:44:10","2021-09-24 01:38:03","2021-03-07 00:00:00","2021-11-24 00:00:00","2021-03-07 00:00:00","2021-11-24 00:00:00",monthly,monthly,3880,557,5470,201
"2020-04-21 03:00:00","2021-09-26 00:00:00","2021-01-28 23:46:06","2021-09-26 11:38:04","2021-04-17 00:00:00","2022-09-26 00:00:00","2021-04-18 03:00:00","2022-09-26 00:00:00",annual,annual,23504,2681,5503,162
NULL,"2022-10-20 00:00:00","2021-07-14 20:35:17","2021-09-26 17:23:09","2021-07-19 00:00:00","2022-10-21 00:00:00","2022-07-14 00:00:00","2023-09-26 00:00:00",annual,annual,159621,4832,5511,69
"2021-08-06 00:00:00","2021-10-26 00:00:00","2021-06-07 13:31:48","2021-09-26 23:46:12","2021-08-07 00:00:00","2021-11-26 00:00:00","2021-08-07 00:00:00","2021-11-26 00:00:00",monthly,monthly,156167,4612,5516,50
NULL,NULL,"2021-01-28 23:44:10","2021-09-27 10:16:54","2021-03-23 00:00:00","2021-12-01 00:00:00","2021-03-19 00:00:00","2021-11-27 00:00:00",monthly,monthly,2134,147,5528,188
NULL,"2022-10-15 00:00:00","2021-05-31 11:32:20","2021-09-27 19:26:18","2021-06-09 00:00:00","2022-12-27 00:00:00","2022-05-31 00:00:00","2022-12-27 00:00:00",annual,annual,156467,4451,5548,110
NULL,NULL,"2021-01-28 23:46:06","2021-10-01 03:10:22","2021-04-25 00:00:00","2022-09-05 00:00:00","2021-04-16 03:00:00","2022-09-01 00:00:00",annual,monthly,5554,2846,5597,159
NULL,NULL,"2021-01-30 02:26:09","2021-10-03 21:13:15","2021-04-01 00:00:00","2022-07-07 00:00:00","2021-03-28 00:00:00","2022-07-03 00:00:00",monthly,monthly,143454,3211,5607,185
"2021-07-17 00:00:00","2021-10-17 00:00:00","2021-07-08 16:55:39","2021-10-11 12:30:01","2021-08-08 00:00:00","2021-11-11 00:00:00","2021-08-08 00:00:00","2021-11-11 00:00:00",monthly,monthly,159207,4792,5657,64
NULL,NULL,"2021-01-28 23:46:06","2021-10-12 10:38:10","2021-05-10 00:00:00","2021-12-16 00:00:00","2021-05-01 03:00:00","2021-12-12 00:00:00",annual,monthly,2167,2061,5680,155
NULL,NULL,"2021-01-28 23:44:53","2021-10-13 06:26:33","2021-10-11 00:00:00","2022-10-22 00:00:00","2021-10-02 03:00:00","2022-10-13 00:00:00",annual,annual,3857,1185,5686,2
"2021-07-03 00:00:00","2021-11-16 00:00:00","2021-06-10 15:58:14","2021-10-15 01:34:00","2021-07-10 00:00:00","2021-12-15 00:00:00","2021-07-10 00:00:00","2021-12-15 00:00:00",monthly,monthly,157202,4628,5702,97
NULL,"2021-11-25 00:00:00","2021-01-28 23:46:34","2021-10-15 12:07:34","2021-10-13 00:00:00","2021-12-15 00:00:00","2021-10-09 00:00:00","2021-12-15 00:00:00",monthly,monthly,6656,3013,5708,2
NULL,"2022-05-27 00:00:00","2021-04-10 18:02:41","2021-10-26 07:54:47","2021-07-20 00:00:00","2022-11-26 00:00:00","2021-07-10 00:00:00","2022-11-26 00:00:00",monthly,annual,3272,4012,5734,98
"2021-03-18 00:00:00","2022-09-07 00:00:00","2021-03-18 15:39:22","2021-11-01 22:52:29","2021-03-22 00:00:00","2022-11-01 00:00:00","2022-03-18 00:00:00","2022-11-01 00:00:00",annual,annual,147116,3753,5745,224
"2021-03-17 00:00:00",NULL,"2021-01-28 23:46:06","2021-11-22 19:24:12","2021-04-15 00:00:00",NULL,"2021-04-15 03:00:00","2023-02-22 00:00:00",annual,annual,3577,2871,5871,221
"2021-07-06 00:00:00",NULL,"2021-04-07 19:31:15","2021-11-24 01:51:15","2021-07-07 00:00:00",NULL,"2021-07-07 00:00:00","2023-11-24 00:00:00",monthly,annual,2591,3987,5985,140
"2021-09-14 00:00:00","2022-03-02 00:00:00","2021-07-16 01:25:07","2021-11-24 02:53:17","2021-09-16 00:00:00","2022-03-24 00:00:00","2021-09-16 00:00:00","2022-03-24 00:00:00",monthly,monthly,160562,4838,5990,69
"2021-08-08 00:00:00","2022-08-23 00:00:00","2021-01-28 23:44:53","2021-11-24 17:39:23","2021-09-07 00:00:00","2022-11-24 00:00:00","2021-09-07 03:00:00","2022-11-24 00:00:00",annual,annual,1928,1462,6041,78
NULL,NULL,"2021-01-28 23:44:53","2021-11-24 17:48:59","2021-10-10 00:00:00",NULL,"2021-10-01 03:00:00","2023-11-24 00:00:00",annual,annual,4054,1217,6042,45
NULL,NULL,"2021-01-28 23:46:06","2021-11-25 19:26:32","2021-04-26 00:00:00","2022-12-04 00:00:00","2021-04-17 03:00:00","2022-11-25 00:00:00",annual,annual,1235,2715,6124,213
"2021-04-10 00:00:00",NULL,"2021-01-28 23:46:06","2021-11-25 20:19:39","2021-04-17 00:00:00","2022-12-04 00:00:00","2021-04-17 03:00:00","2022-11-25 00:00:00",annual,annual,5749,2712,6127,222
"2021-04-09 00:00:00","2022-11-23 00:00:00","2021-01-28 23:46:06","2021-11-25 21:11:37","2021-04-16 00:00:00","2022-11-25 00:00:00","2021-04-16 03:00:00","2022-11-25 00:00:00",annual,annual,11793,2766,6129,223
"2021-04-12 00:00:00","2021-12-29 00:00:00","2021-01-28 23:46:06","2021-11-26 12:57:23","2021-04-15 00:00:00","2022-01-26 00:00:00","2021-04-15 03:00:00","2022-01-26 00:00:00",annual,monthly,1867,2872,6171,225
"2021-01-22 02:00:00",NULL,"2021-01-28 23:44:53","2021-11-26 18:47:18","2021-02-11 00:00:00",NULL,"2021-02-11 02:00:00","2023-02-26 00:00:00",monthly,annual,1221,1443,6207,288
NULL,NULL,"2021-07-25 21:28:00","2021-11-27 06:49:57","2021-08-16 00:00:00",NULL,"2022-07-25 00:00:00","2023-02-27 00:00:00",annual,annual,27787,4969,6268,103
"2021-03-22 00:00:00","2023-01-09 00:00:00","2021-02-13 08:23:06","2021-11-27 06:57:16","2021-04-13 00:00:00","2023-02-27 00:00:00","2021-04-13 00:00:00","2023-02-27 00:00:00",monthly,annual,12284,3356,6269,228
"2021-05-20 00:00:00",NULL,"2021-01-28 23:44:54","2021-11-27 23:38:53","2021-05-23 00:00:00",NULL,"2021-05-23 03:00:00","2023-02-27 00:00:00",annual,annual,5143,1979,6347,188
NULL,NULL,"2021-06-24 22:13:53","2021-11-29 12:32:38","2021-10-28 00:00:00","2022-05-02 00:00:00","2021-10-24 00:00:00","2022-04-28 00:00:00",monthly,monthly,158105,4710,6693,32
NULL,NULL,"2021-01-28 23:46:06","2021-11-29 13:17:59","2021-04-28 00:00:00","2022-12-08 00:00:00","2021-04-19 03:00:00","2022-11-29 00:00:00",annual,annual,10690,2608,6715,215
"2021-09-23 00:00:00",NULL,"2021-01-28 23:44:53","2021-11-29 14:26:49","2021-09-24 00:00:00",NULL,"2021-09-24 03:00:00","2024-02-29 00:00:00",annual,annual,8539,1287,6740,66
"2021-05-29 00:00:00","2022-11-29 00:00:00","2021-05-29 19:07:41","2021-11-29 16:22:49","2021-06-29 00:00:00","2022-11-29 00:00:00","2021-06-29 00:00:00","2023-11-29 00:00:00",monthly,annual,148670,4392,6767,153
NULL,NULL,"2021-01-28 23:46:06","2021-11-29 17:11:45","2021-05-02 00:00:00","2022-12-08 00:00:00","2021-04-23 03:00:00","2022-11-29 00:00:00",annual,annual,9754,2388,6772,211
"2021-06-09 00:00:00",NULL,"2021-01-28 23:44:54","2021-11-29 23:25:55","2021-07-09 00:00:00",NULL,"2021-07-09 03:00:00","2023-11-29 00:00:00",annual,annual,5509,1736,6798,143
"2021-09-27 00:00:00",NULL,"2021-01-28 23:44:53","2021-11-30 21:27:41","2021-10-01 00:00:00",NULL,"2021-10-01 03:00:00","2023-11-30 00:00:00",annual,annual,142965,1196,6849,60
"2021-01-26 02:00:00",NULL,"2021-01-28 23:44:54","2021-12-01 23:49:54","2021-06-15 00:00:00",NULL,"2021-06-15 03:00:00","2023-03-01 00:00:00",annual,annual,1016,1901,6957,169
"2021-11-11 00:00:00",NULL,"2021-01-28 23:44:10","2021-12-02 04:33:27","2021-11-28 00:00:00",NULL,"2021-11-28 02:00:00","2023-12-02 00:00:00",annual,annual,6623,792,6984,4
NULL,"2022-07-29 00:00:00","2021-01-28 23:46:06","2021-12-03 12:19:10","2021-10-20 00:00:00","2022-08-03 00:00:00","2021-10-16 00:00:00","2022-08-03 00:00:00",monthly,monthly,10393,2828,7027,44
NULL,NULL,"2021-01-28 23:46:06","2021-12-05 03:59:08","2021-05-01 00:00:00","2022-12-14 00:00:00","2021-04-22 03:00:00","2022-12-05 00:00:00",annual,annual,7790,2425,7039,218
NULL,NULL,"2021-01-28 23:46:06","2021-12-10 02:00:17","2021-05-06 00:00:00","2022-01-14 00:00:00","2021-04-27 03:00:00","2022-01-10 00:00:00",annual,monthly,14463,2180,7071,218
NULL,"2022-01-19 00:00:00","2021-05-22 21:38:58","2021-12-18 20:53:17","2021-06-23 00:00:00","2022-02-18 00:00:00","2021-06-22 00:00:00","2022-02-18 00:00:00",monthly,monthly,7437,4295,7128,178
NULL,"2022-01-04 00:00:00","2021-05-09 17:12:00","2021-12-20 14:45:24","2021-10-11 00:00:00","2022-01-20 00:00:00","2022-10-09 00:00:00","2022-01-20 00:00:00",annual,monthly,152766,4212,7137,70
"2021-01-14 02:00:00",NULL,"2021-01-28 23:44:53","2021-12-22 08:13:49","2021-10-30 03:00:00",NULL,"2023-11-30 00:00:00","2023-12-22 00:00:00",annual,annual,1107,1095,7154,53
"2021-10-17 00:00:00","2022-01-31 00:00:00","2021-04-10 07:33:32","2022-01-06 11:18:17","2021-10-18 00:00:00","2022-02-06 00:00:00","2022-10-10 00:00:00","2022-02-06 00:00:00",annual,monthly,148786,4008,7278,80
NULL,"2022-04-27 00:00:00","2021-01-28 23:44:10","2022-01-06 18:35:14","2021-12-11 00:00:00","2022-05-06 00:00:00","2021-12-02 02:00:00","2022-05-06 00:00:00",annual,monthly,4160,618,7280,26
"2021-10-16 00:00:00",NULL,"2021-01-28 23:44:54","2022-01-11 17:43:38","2021-10-14 00:00:00","2023-01-20 00:00:00","2021-10-14 00:00:00","2023-01-11 00:00:00",annual,annual,8095,1662,7326,89
NULL,NULL,"2021-01-28 23:46:06","2022-01-12 19:49:41","2021-05-13 00:00:00","2023-01-21 00:00:00","2021-05-04 03:00:00","2023-01-12 00:00:00",annual,annual,2555,2053,7345,244
"2021-06-30 00:00:00",NULL,"2021-06-03 09:57:09","2022-01-13 10:05:53","2021-07-01 00:00:00","2022-02-13 00:00:00","2022-06-03 00:00:00","2022-02-13 00:00:00",annual,monthly,156716,4550,7349,196
NULL,NULL,"2021-01-28 23:44:10","2022-01-14 13:21:51","2021-12-12 00:00:00","2023-01-23 00:00:00","2021-12-03 02:00:00","2023-01-14 00:00:00",annual,annual,1426,595,7358,33
"2021-11-27 00:00:00",NULL,"2021-01-28 23:44:10","2022-01-16 20:27:04","2021-11-26 00:00:00","2022-02-20 00:00:00","2021-11-26 02:00:00","2022-02-16 00:00:00",annual,monthly,7538,860,7381,51
"2021-07-22 00:00:00",NULL,"2021-02-22 00:52:31","2022-01-17 19:40:37","2021-07-22 00:00:00",NULL,"2021-07-22 00:00:00","2024-01-17 00:00:00",monthly,annual,145311,3431,7394,179
NULL,"2022-04-18 00:00:00","2021-04-29 12:18:05","2022-01-20 21:52:13","2021-12-03 00:00:00","2022-04-20 00:00:00","2021-11-29 00:00:00","2022-04-20 00:00:00",monthly,monthly,151575,4144,7458,48
"2021-08-07 00:00:00","2022-11-28 00:00:00","2021-01-28 23:44:53","2022-01-23 11:45:01","2021-09-07 00:00:00","2023-01-23 00:00:00","2021-09-07 03:00:00","2023-01-23 00:00:00",annual,annual,13006,1460,7502,138
NULL,NULL,"2021-01-28 23:44:10","2022-01-26 11:53:31","2021-12-12 00:00:00",NULL,"2021-12-03 02:00:00","2023-01-26 00:00:00",annual,annual,3852,609,7573,45
"2021-11-29 00:00:00",NULL,"2021-01-28 23:44:10","2022-01-26 17:34:24","2021-11-30 00:00:00",NULL,"2021-11-30 02:00:00","2024-01-26 00:00:00",annual,annual,7142,671,7582,57
"2021-03-16 00:00:00",NULL,"2021-01-28 23:46:06","2022-01-27 03:51:52","2021-04-22 00:00:00",NULL,"2021-04-22 03:00:00","2023-06-17 00:00:00",annual,annual,1581,2448,7598,280
"2021-11-28 00:00:00",NULL,"2021-01-28 23:44:10","2022-01-27 06:02:36","2021-11-28 00:00:00",NULL,"2021-11-28 02:00:00","2023-04-27 00:00:00",annual,annual,7329,785,7600,60
"2021-12-03 00:00:00","2022-02-18 00:00:00","2021-01-28 23:44:53","2022-01-28 16:03:28","2021-12-09 00:00:00","2022-02-28 00:00:00","2021-12-09 00:00:00","2022-02-28 00:00:00",annual,monthly,987,1449,7695,50
NULL,NULL,"2021-01-28 23:44:10","2022-02-01 10:48:48","2022-01-30 00:00:00",NULL,"2022-01-21 02:00:00","2023-02-01 00:00:00",annual,annual,1538,95,7712,2
NULL,NULL,"2021-07-05 18:15:26","2022-02-05 17:18:44","2021-11-09 00:00:00","2022-03-09 00:00:00","2021-11-05 00:00:00","2022-03-05 00:00:00",annual,monthly,159101,4766,7749,88
"2021-05-22 00:00:00","2022-03-20 05:50:28","2021-01-28 23:44:10","2022-02-10 03:16:38","2021-06-06 00:00:00","2022-04-10 03:21:01","2021-06-06 00:00:00","2022-03-10 03:16:38",monthly,monthly,3728,358,7804,249
"2021-02-12 00:00:00",NULL,"2021-02-12 16:08:43","2022-02-14 15:26:18","2022-02-12 00:00:00",NULL,"2022-02-12 00:00:00","2023-02-14 15:26:18",annual,annual,144644,3350,7834,2
"2021-03-25 00:00:00",NULL,"2021-01-28 23:46:34","2022-02-14 17:23:19","2021-04-01 00:00:00",NULL,"2021-04-01 03:00:00","2023-02-14 17:23:19",annual,annual,3236,3108,7836,319
"2021-03-29 00:00:00",NULL,"2021-01-28 23:46:34","2022-02-14 18:35:42","2021-04-05 00:00:00",NULL,"2021-04-05 03:00:00","2023-02-14 18:35:42",annual,annual,10422,3069,7837,315
"2021-08-12 00:00:00",NULL,"2021-01-28 23:44:53","2022-02-14 18:57:32","2021-08-30 00:00:00",NULL,"2021-08-30 03:00:00","2023-02-14 18:57:32",annual,annual,3984,1496,7838,168
NULL,NULL,"2021-01-28 23:44:53","2022-02-15 13:05:29","2022-02-06 00:00:00",NULL,"2022-02-02 00:00:00","2023-02-15 13:05:29",monthly,annual,5955,1184,7852,9
NULL,NULL,"2021-01-30 15:47:35","2022-02-16 14:28:09","2022-02-01 00:00:00",NULL,"2022-01-30 00:00:00","2023-02-16 14:28:09",annual,annual,143510,3216,7864,15
NULL,NULL,"2021-01-28 23:44:10","2022-02-16 15:37:18","2021-12-05 00:00:00",NULL,"2021-12-04 02:00:00","2023-02-16 15:37:18",annual,annual,6773,575,7866,73
NULL,NULL,"2021-01-28 23:44:10","2022-02-16 16:33:34","2021-11-30 00:00:00",NULL,"2021-11-21 02:00:00","2023-02-16 16:33:34",annual,annual,4795,948,7868,78
NULL,NULL,"2021-06-29 09:41:23","2022-02-16 19:52:31","2021-09-02 00:00:00",NULL,"2021-08-29 00:00:00","2023-02-16 19:52:31",monthly,annual,158463,4729,7873,167
NULL,NULL,"2021-01-28 23:44:10","2022-02-16 20:44:03","2022-01-30 00:00:00",NULL,"2022-01-21 02:00:00","2023-02-16 20:44:03",annual,annual,1809,88,7874,17
NULL,NULL,"2021-01-28 23:44:10","2022-02-16 22:45:08","2022-01-21 00:00:00",NULL,"2023-01-21 00:00:00","2023-02-16 22:45:08",annual,annual,1754,94,7875,26
"2021-03-19 00:00:00",NULL,"2021-01-28 23:46:06","2022-02-17 03:00:33","2021-04-18 00:00:00",NULL,"2021-04-18 03:00:00","2023-02-17 03:00:33",annual,annual,6618,2654,7876,305
"2021-11-29 00:00:00",NULL,"2021-01-28 23:44:10","2022-02-17 04:16:09","2022-01-14 00:00:00",NULL,"2022-01-14 02:00:00","2023-02-17 04:16:09",annual,annual,2741,235,7878,34
"2021-08-24 00:00:00","2022-12-16 09:37:58","2021-01-28 23:44:53","2022-02-17 06:07:34","2021-09-24 00:00:00","2023-02-17 06:07:34","2021-09-24 03:00:00","2023-02-17 06:07:34",annual,annual,5389,1291,7880,146
"2021-10-07 00:00:00",NULL,"2021-01-28 23:44:54","2022-02-17 06:09:42","2021-10-08 00:00:00",NULL,"2021-10-08 00:00:00","2023-02-17 06:09:42",annual,annual,5774,1753,7881,132
NULL,NULL,"2021-01-28 23:46:06","2022-02-17 06:42:44","2021-04-30 00:00:00",NULL,"2021-04-21 03:00:00","2023-02-17 06:42:44",annual,annual,22364,2505,7882,293
"2021-02-11 00:00:00",NULL,"2021-01-28 23:44:10","2022-02-17 07:29:58","2021-12-04 00:00:00",NULL,"2021-12-04 02:00:00","2023-02-17 07:29:58",annual,annual,6726,584,7885,75
"2021-09-18 00:00:00",NULL,"2021-01-28 23:44:53","2022-02-17 11:28:57","2021-09-12 00:00:00",NULL,"2021-09-12 03:00:00","2023-02-17 11:28:57",annual,annual,4884,1442,7890,158
"2021-03-22 00:00:00",NULL,"2021-01-28 23:46:34","2022-02-17 12:05:03","2021-03-26 00:00:00",NULL,"2021-03-26 02:00:00","2023-02-17 12:05:03",annual,annual,13478,3121,7891,328
NULL,NULL,"2021-03-06 23:53:37","2022-02-17 12:22:45","2021-05-10 00:00:00",NULL,"2021-05-06 00:00:00","2023-02-17 12:22:45",monthly,annual,1923,3573,7893,283
NULL,NULL,"2021-01-28 23:44:10","2022-02-17 14:09:48","2021-12-12 00:00:00",NULL,"2021-12-03 02:00:00","2023-02-17 14:09:48",annual,annual,5254,594,7895,67
"2021-11-17 00:00:00","2022-03-09 15:15:06","2021-01-28 23:44:10","2022-03-09 15:05:14","2022-01-14 00:00:00",NULL,"2022-01-14 02:00:00","2023-03-09 15:05:14",annual,annual,3115,239,8063,54
NULL,NULL,"2021-01-28 23:44:10","2022-03-13 15:43:36","2022-03-10 00:00:00",NULL,"2022-03-01 00:00:00","2023-03-13 15:43:36",annual,annual,3423,642,8101,3
"2021-06-30 00:00:00","2022-05-02 23:35:15","2021-01-28 23:44:54","2022-03-20 22:54:56","2021-07-13 00:00:00","2022-05-20 23:01:13","2021-07-13 03:00:00","2022-04-20 22:54:56",annual,monthly,4435,1672,8167,250
"2021-12-21 00:00:00","2022-03-23 14:54:26","2021-01-28 23:44:53","2022-03-23 14:48:28","2021-12-27 00:00:00","2022-03-25 09:48:12","2021-12-26 00:00:00","2023-03-23 14:48:28",annual,annual,4231,1257,8196,86
NULL,NULL,"2021-01-28 23:44:54","2022-03-24 12:07:02","2021-07-28 00:00:00",NULL,"2021-06-30 03:00:00","2023-03-24 12:07:02",annual,annual,4784,1856,8210,239
NULL,NULL,"2021-01-28 23:46:34","2022-03-27 15:51:56","2021-04-20 00:00:00",NULL,"2021-04-11 03:00:00","2023-03-27 15:51:56",annual,annual,1019,2985,8259,341
"2021-02-16 00:00:00",NULL,"2021-01-28 23:46:34","2022-03-28 17:42:07","2021-02-23 00:00:00",NULL,"2021-02-23 02:00:00","2023-03-28 17:42:07",annual,annual,1521,3162,8273,398
"2021-02-07 00:00:00",NULL,"2021-01-28 23:44:10","2022-03-31 01:17:16","2022-01-14 00:00:00",NULL,"2022-01-14 02:00:00","2023-03-31 01:17:16",annual,annual,2840,256,8373,76
"2021-02-08 00:00:00",NULL,"2021-01-28 23:46:34","2022-03-31 02:30:20","2022-02-24 00:00:00",NULL,"2022-02-15 00:00:00","2023-11-30 02:05:34",annual,annual,5325,3175,8379,35
NULL,NULL,"2021-01-28 23:46:06","2022-03-31 05:09:07","2021-04-27 00:00:00",NULL,"2021-04-18 03:00:00","2023-03-31 05:09:07",annual,annual,1306,2658,8391,338
"2021-01-04 02:00:00",NULL,"2021-01-28 23:44:10","2022-04-02 06:42:37","2021-02-03 00:00:00","2022-05-15 07:21:01","2021-02-03 02:00:00","2022-05-02 06:42:37",monthly,monthly,4011,391,8414,423
NULL,NULL,"2021-02-03 05:28:58","2022-04-02 08:03:42","2022-02-12 00:00:00",NULL,"2022-02-03 00:00:00","2023-04-02 08:03:42",annual,annual,143799,3261,8415,49
NULL,NULL,"2021-01-28 23:44:10","2022-04-05 15:36:13","2021-12-04 00:00:00",NULL,"2021-11-25 02:00:00","2023-04-05 15:36:13",annual,annual,1046,907,8437,122
"2022-01-11 00:00:00","2022-04-09 19:36:22","2021-03-22 17:44:56","2022-04-09 19:34:36","2022-03-22 00:00:00","2022-05-09 19:41:13","2022-03-22 00:00:00","2022-05-09 19:34:36",annual,monthly,147448,3825,8482,18
"2021-06-16 00:00:00",NULL,"2021-02-26 14:20:11","2022-04-12 15:09:50","2021-06-26 00:00:00","2022-05-25 15:40:42","2021-06-26 00:00:00","2022-05-12 15:09:50",monthly,monthly,144912,3483,8507,290
"2021-11-29 00:00:00",NULL,"2021-01-28 23:44:53","2022-04-13 22:40:14","2021-12-30 00:00:00","2022-10-26 23:20:37","2021-12-30 00:00:00","2022-10-13 22:40:14",annual,monthly,7873,1230,8526,104
"2021-11-18 00:00:00",NULL,"2021-01-28 23:44:10","2022-04-14 11:46:49","2021-11-27 00:00:00",NULL,"2021-11-27 02:00:00","2023-04-14 11:46:49",annual,annual,6862,845,8533,138
"2022-03-29 00:00:00",NULL,"2021-01-28 23:44:10","2022-04-25 15:40:49","2022-04-14 00:00:00","2022-06-07 16:21:01","2022-04-14 00:00:00","2022-05-25 15:40:49",annual,monthly,2737,234,8612,11
"2022-04-10 00:00:00","2022-05-24 13:26:58","2021-01-28 23:44:10","2022-05-06 10:33:59","2022-04-11 00:00:00","2022-05-25 05:46:05","2022-04-11 00:00:00","2023-05-06 10:33:59",annual,annual,840,301,8696,25
NULL,"2022-06-07 17:07:58","2021-01-28 23:46:06","2022-05-07 16:09:44","2022-05-02 00:00:00","2022-07-07 16:22:36","2022-04-23 00:00:00","2022-07-07 16:09:44",annual,monthly,969,2397,8703,5
NULL,NULL,"2021-04-30 08:52:22","2022-05-11 16:12:20","2022-05-09 00:00:00",NULL,"2022-04-30 00:00:00","2023-05-11 16:12:20",annual,annual,151694,4149,8731,2
"2021-04-28 00:00:00","2022-06-09 20:48:05","2021-01-28 23:44:54","2022-05-12 21:58:56","2021-05-28 00:00:00","2022-06-12 22:01:02","2021-05-28 03:00:00","2022-06-12 21:58:56",annual,monthly,15743,1969,8743,349
"2021-07-16 00:00:00","2022-07-06 09:58:05","2021-05-26 16:06:13","2022-05-17 06:59:20","2021-07-26 00:00:00","2022-07-17 07:00:31","2021-07-26 00:00:00","2022-07-17 06:59:20",monthly,monthly,156057,4331,8774,295
"2022-03-27 00:00:00",NULL,"2021-04-11 15:46:28","2022-05-22 16:24:20","2022-04-11 00:00:00",NULL,"2022-04-11 00:00:00","2023-05-22 16:24:20",annual,annual,148825,4018,8825,41
"2021-03-23 00:00:00",NULL,"2021-03-23 06:45:39","2022-05-24 07:09:08","2022-03-23 00:00:00",NULL,"2022-03-23 00:00:00","2023-05-24 07:09:08",annual,annual,145813,3837,8841,62
"2021-01-31 00:00:00","2023-01-14 21:42:04","2021-01-28 23:44:53","2022-05-26 21:57:44","2021-02-28 00:00:00","2023-05-26 21:57:44","2021-02-28 02:00:00","2023-05-26 21:57:44",monthly,annual,9808,1107,8873,452
"2021-08-24 00:00:00",NULL,"2021-01-28 23:44:53","2022-05-26 22:08:07","2021-09-24 00:00:00",NULL,"2021-09-24 03:00:00","2023-05-26 22:08:07",annual,annual,1468,1310,8874,244
"2022-01-04 00:00:00","2022-05-27 18:09:46","2021-01-28 23:44:10","2022-05-27 18:06:53","2022-01-04 00:00:00","2023-05-27 18:06:53","2023-01-04 00:00:00","2023-05-27 18:06:53",annual,annual,1909,386,8886,143
"2021-05-04 00:00:00",NULL,"2021-01-28 23:44:10","2022-05-29 11:00:54","2021-05-13 00:00:00",NULL,"2021-06-04 00:00:00","2023-05-29 11:00:54",monthly,annual,618,382,8904,381
NULL,NULL,"2021-04-19 02:17:25","2022-05-29 21:26:04","2022-04-28 00:00:00",NULL,"2022-04-19 00:00:00","2023-05-29 21:26:04",annual,annual,149849,4069,8920,31
"2022-05-23 00:00:00",NULL,"2021-01-28 23:46:34","2022-05-30 02:09:13","2022-05-25 00:00:00",NULL,"2022-05-25 00:00:00","2023-05-30 02:09:13",annual,annual,1480,3160,8928,5
NULL,NULL,"2021-03-13 09:58:44","2022-06-01 03:05:11","2021-05-17 00:00:00",NULL,"2021-05-13 00:00:00","2023-06-01 03:05:11",monthly,annual,1159,3631,9033,380
"2021-08-02 00:00:00",NULL,"2021-01-28 23:44:10","2022-06-01 05:49:14","2021-11-28 00:00:00",NULL,"2021-11-28 02:00:00","2023-06-01 05:49:14",annual,annual,2881,815,9054,185
NULL,"2022-07-20 05:39:57","2021-05-11 14:32:48","2022-06-06 16:19:41","2022-05-15 00:00:00","2022-08-06 16:21:08","2022-05-11 00:00:00","2022-08-06 16:19:41",annual,monthly,153103,4226,9102,22
"2021-03-23 00:00:00",NULL,"2021-03-23 15:05:59","2022-06-07 02:18:34","2022-03-23 00:00:00",NULL,"2022-03-23 00:00:00","2023-06-07 02:18:34",annual,annual,2055,3847,9105,76
"2021-06-03 00:00:00","2022-08-08 17:26:36","2021-05-05 23:38:31","2022-06-17 16:34:12","2021-06-05 00:00:00","2022-08-17 16:40:52","2021-06-05 00:00:00","2022-08-17 16:34:12",monthly,monthly,152611,4192,9186,377
"2021-01-26 02:00:00","2022-06-24 17:05:40","2021-01-28 23:44:10","2022-06-23 03:12:47","2021-02-26 00:00:00","2022-07-23 03:20:45","2021-02-26 02:00:00","2022-07-23 03:12:47",monthly,monthly,1151,15,9237,482
"2021-04-16 00:00:00",NULL,"2021-01-28 23:44:10","2022-06-26 14:57:19","2021-12-02 00:00:00",NULL,"2021-12-02 02:00:00","2023-06-26 14:57:19",annual,annual,6971,628,9254,206
"2021-04-22 00:00:00",NULL,"2021-01-28 23:46:06","2022-06-26 22:38:04","2021-04-22 00:00:00",NULL,"2021-04-22 03:00:00","2023-06-26 22:38:04",annual,annual,2084,2435,9262,430
NULL,NULL,"2021-01-28 23:44:10","2022-06-27 07:42:49","2022-04-30 00:00:00",NULL,"2022-04-21 00:00:00","2023-06-27 07:42:49",annual,annual,1802,97,9265,58
"2022-05-24 00:00:00",NULL,"2021-05-26 00:37:31","2022-06-27 12:36:05","2022-05-26 00:00:00",NULL,"2022-05-26 00:00:00","2023-06-27 12:36:05",annual,annual,25308,4326,9268,32
NULL,NULL,"2021-01-28 23:46:06","2022-06-27 15:44:58","2022-04-27 00:00:00",NULL,"2022-04-18 00:00:00","2023-06-27 15:44:58",annual,annual,2146,2664,9272,61
NULL,NULL,"2021-01-28 23:46:34","2022-06-27 19:42:50","2021-02-15 00:00:00",NULL,"2021-02-05 02:00:00","2023-06-27 19:42:50",annual,annual,6899,3183,9279,497
NULL,NULL,"2021-01-28 23:46:06","2022-06-27 20:11:38","2022-04-23 00:00:00",NULL,"2022-04-14 00:00:00","2023-06-27 20:11:38",annual,annual,998,2911,9280,65
"2022-06-01 00:00:00",NULL,"2021-06-01 19:02:29","2022-06-28 08:44:55","2022-06-03 00:00:00",NULL,"2023-06-01 00:00:00","2023-06-28 08:44:55",annual,annual,156607,4501,9286,25
"2022-01-21 00:00:00",NULL,"2021-01-28 23:44:10","2022-06-28 16:46:21","2022-02-26 00:00:00",NULL,"2022-02-26 00:00:00","2023-06-28 16:46:21",annual,annual,3824,868,9292,122
NULL,NULL,"2021-06-03 11:30:59","2022-06-28 18:04:03","2022-06-12 00:00:00",NULL,"2022-06-03 00:00:00","2023-06-28 18:04:03",annual,annual,19545,4554,9293,16
NULL,NULL,"2021-01-28 23:44:10","2022-06-28 20:26:57","2021-02-22 00:00:00",NULL,"2021-02-18 00:00:00","2023-06-28 20:26:57",annual,annual,8641,974,9295,491
"2021-04-22 00:00:00",NULL,"2021-01-28 23:46:06","2022-06-29 01:02:02","2021-04-24 00:00:00",NULL,"2021-04-24 03:00:00","2023-06-29 01:02:02",annual,annual,2723,2327,9298,431
NULL,NULL,"2021-01-28 23:46:06","2022-06-29 03:24:08","2022-04-26 00:00:00",NULL,"2022-04-17 00:00:00","2023-06-29 03:24:08",annual,annual,3086,2744,9300,64
NULL,NULL,"2021-01-28 23:46:06","2022-06-29 05:18:42","2022-05-07 00:00:00",NULL,"2022-04-28 00:00:00","2023-06-29 05:18:42",annual,annual,11249,2118,9301,53
NULL,NULL,"2021-06-08 02:53:30","2022-06-29 08:58:54","2022-06-17 00:00:00",NULL,"2022-06-08 00:00:00","2023-06-29 08:58:54",annual,annual,156841,4615,9303,12
"2021-07-16 00:00:00",NULL,"2021-01-28 23:46:06","2022-06-29 18:24:02","2021-07-24 00:00:00",NULL,"2021-07-24 00:00:00","2023-06-29 18:24:02",annual,annual,12530,2310,9306,340
"2020-11-30 02:00:00",NULL,"2021-01-28 23:46:06","2022-06-29 19:49:26","2021-04-15 00:00:00",NULL,"2021-04-15 03:00:00","2023-06-29 19:49:26",annual,annual,7107,2857,9308,440
"2022-03-15 00:00:00",NULL,"2021-03-16 12:45:38","2022-06-29 20:25:17","2022-03-16 00:00:00",NULL,"2022-03-16 00:00:00","2023-06-29 20:25:17",annual,annual,1002,3667,9309,105
"2021-06-16 00:00:00",NULL,"2021-06-02 14:21:19","2022-06-30 06:43:20","2021-06-30 00:00:00",NULL,"2022-09-02 00:00:00","2023-06-30 06:43:20",annual,annual,156661,4517,9313,365
"2021-06-09 00:00:00",NULL,"2021-01-28 23:44:54","2022-06-30 07:27:59","2021-07-09 00:00:00",NULL,"2021-07-09 03:00:00","2023-06-30 07:27:59",annual,annual,4078,1728,9314,356
NULL,NULL,"2021-03-19 07:09:22","2022-06-30 08:08:15","2022-03-28 00:00:00",NULL,"2022-03-19 00:00:00","2023-06-30 08:08:15",annual,annual,11209,3793,9316,94
"2021-08-05 00:00:00",NULL,"2021-01-28 23:44:53","2022-06-30 09:50:12","2021-08-09 00:00:00",NULL,"2021-08-09 03:00:00","2023-06-30 09:50:12",annual,annual,11808,1546,9317,325
"2021-06-30 00:00:00",NULL,"2021-01-28 23:44:53","2022-06-30 11:23:05","2021-07-30 00:00:00",NULL,"2021-07-30 03:00:00","2023-06-30 11:23:05",annual,annual,17358,1573,9318,335
"2021-06-02 00:00:00",NULL,"2021-06-02 20:19:35","2022-06-30 12:46:38","2022-06-02 00:00:00",NULL,"2022-06-02 00:00:00","2023-06-30 12:46:38",annual,annual,156608,4535,9319,28
"2021-04-01 00:00:00",NULL,"2021-02-01 03:23:09","2022-06-30 13:41:07","2021-05-01 00:00:00",NULL,"2021-05-01 00:00:00","2023-06-30 13:41:07",monthly,annual,143615,3235,9320,425
"2022-03-29 00:00:00",NULL,"2021-04-13 14:49:23","2022-06-30 18:37:36","2022-04-13 00:00:00",NULL,"2022-04-13 00:00:00","2023-06-30 18:37:36",annual,annual,149023,4034,9323,78
NULL,NULL,"2021-01-28 23:44:54","2022-06-30 20:05:09","2021-06-13 00:00:00",NULL,"2021-06-04 03:00:00","2023-06-30 20:05:09",annual,annual,15708,1945,9325,382
"2021-06-15 00:00:00",NULL,"2021-01-28 23:44:54","2022-07-01 01:29:03","2021-07-09 00:00:00",NULL,"2021-07-09 03:00:00","2023-07-01 01:29:03",annual,annual,5652,1726,9327,357
"2021-09-18 00:00:00",NULL,"2021-01-28 23:44:53","2022-07-03 04:45:38","2021-09-25 00:00:00",NULL,"2021-09-25 03:00:00","2023-07-03 04:45:38",annual,annual,2188,1271,9344,281
"2022-06-09 00:00:00",NULL,"2021-03-12 07:43:20","2022-07-13 07:25:01","2022-06-12 00:00:00",NULL,"2022-06-12 00:00:00","2023-07-13 07:25:01",annual,annual,146552,3623,9418,31
NULL,NULL,"2021-03-11 17:16:49","2022-07-18 19:38:46","2022-03-18 00:00:00",NULL,"2023-03-11 00:00:00","2023-07-18 19:38:46",annual,annual,146514,3615,9462,122
"2022-07-08 00:00:00",NULL,"2021-01-28 23:44:54","2022-07-20 10:23:55","2022-07-10 00:00:00",NULL,"2022-07-10 00:00:00","2023-07-20 10:23:55",annual,annual,768,1683,9486,10
NULL,NULL,"2021-05-31 11:47:16","2022-07-21 16:02:52","2022-06-09 00:00:00",NULL,"2022-05-31 00:00:00","2023-07-21 16:02:52",annual,annual,25047,4452,9504,42
NULL,NULL,"2021-01-28 23:44:10","2022-07-21 21:27:16","2021-12-06 00:00:00",NULL,"2021-11-27 02:00:00","2023-07-21 21:27:16",annual,annual,7488,852,9508,227
"2021-09-30 00:00:00",NULL,"2021-05-30 20:08:22","2022-07-27 03:16:20","2021-09-30 00:00:00",NULL,"2021-09-30 00:00:00","2023-07-27 03:16:20",monthly,annual,156406,4421,9627,300
"2021-12-20 00:00:00",NULL,"2021-06-01 12:29:59","2022-07-28 03:52:42","2022-01-01 00:00:00","2022-08-24 12:03:06","2022-01-01 00:00:00","2023-07-28 03:52:42",monthly,annual,155845,4493,9659,208
"2021-04-23 00:00:00","2022-10-31 07:47:47","2021-03-24 16:07:18","2022-08-01 04:10:18","2021-04-24 00:00:00","2022-11-01 04:20:54","2021-04-24 00:00:00","2022-10-01 04:10:18",monthly,monthly,6239,3865,9719,464
NULL,NULL,"2021-06-03 18:10:49","2022-08-01 15:30:41","2022-06-12 00:00:00",NULL,"2022-06-03 00:00:00","2023-08-01 15:30:41",annual,annual,156753,4568,9725,50
NULL,NULL,"2021-05-18 08:48:43","2022-08-14 11:53:36","2022-05-27 00:00:00",NULL,"2022-05-18 00:00:00","2023-08-14 11:53:36",annual,annual,153987,4270,9823,79
NULL,NULL,"2021-05-29 08:28:16","2022-08-18 15:44:28","2022-06-07 00:00:00","2022-09-28 09:57:04","2022-05-29 00:00:00","2022-09-18 15:44:28",annual,monthly,17780,4386,9841,72
NULL,NULL,"2021-01-28 23:46:06","2022-08-22 14:57:07","2021-04-26 00:00:00",NULL,"2021-04-17 03:00:00","2023-08-22 14:57:07",annual,annual,9061,2738,9881,483
NULL,NULL,"2021-01-28 23:46:06","2022-08-22 16:33:30","2022-04-23 00:00:00",NULL,"2022-04-16 00:00:00","2023-08-22 16:33:30",annual,annual,1482,2813,9884,121
"2021-08-01 00:00:00",NULL,"2021-01-28 23:44:54","2022-08-29 15:42:18","2021-08-12 00:00:00",NULL,"2021-08-12 00:00:00","2023-08-29 15:42:18",monthly,annual,3148,1910,9934,382
NULL,NULL,"2021-07-08 17:28:57","2022-08-29 18:55:03","2022-07-17 00:00:00",NULL,"2022-07-08 00:00:00","2023-08-29 18:55:03",annual,annual,159772,4793,9940,43
"2022-01-03 00:00:00",NULL,"2021-01-28 23:44:10","2022-08-29 20:31:53","2022-04-11 00:00:00",NULL,"2022-04-11 00:00:00","2023-08-29 20:31:53",annual,annual,2136,302,9942,140
"2021-02-01 00:00:00",NULL,"2021-01-28 23:46:06","2022-08-30 00:08:26","2021-04-14 00:00:00",NULL,"2021-04-14 03:00:00","2023-08-30 00:08:26",annual,annual,2684,2899,9943,503
NULL,NULL,"2021-07-19 16:50:47","2022-08-30 18:17:58","2022-07-28 00:00:00",NULL,"2022-07-19 00:00:00","2023-08-30 18:17:58",annual,annual,161122,4869,9949,33
"2021-11-21 00:00:00",NULL,"2021-03-18 15:00:29","2022-08-30 20:18:18","2022-03-18 00:00:00",NULL,"2022-03-18 00:00:00","2023-08-30 20:18:18",annual,annual,145230,3748,9954,165
NULL,NULL,"2021-01-28 23:46:06","2022-08-30 21:09:40","2022-04-25 00:00:00",NULL,"2022-04-16 00:00:00","2023-08-30 21:09:40",annual,annual,11327,2759,9955,127
NULL,NULL,"2021-02-11 06:44:42","2022-08-31 02:59:09","2021-03-15 00:00:00",NULL,"2021-03-11 00:00:00","2023-08-31 02:59:09",monthly,annual,63294,3335,9960,534
NULL,NULL,"2021-01-28 23:44:54","2022-08-31 04:14:35","2021-08-05 00:00:00",NULL,"2021-07-27 03:00:00","2023-08-31 04:14:35",annual,annual,4723,1586,9962,391
NULL,NULL,"2021-01-28 23:44:53","2022-08-31 04:53:34","2021-12-24 00:00:00",NULL,"2021-12-24 00:00:00","2023-08-31 04:53:34",annual,annual,1702,1290,9963,250
NULL,NULL,"2021-07-20 20:05:01","2022-08-31 06:17:14","2022-07-29 00:00:00",NULL,"2022-07-20 00:00:00","2023-08-31 06:17:14",annual,annual,161201,4884,9964,33
NULL,NULL,"2021-01-28 23:44:53","2022-08-31 08:10:01","2021-10-10 00:00:00",NULL,"2021-10-01 03:00:00","2023-08-31 08:10:01",annual,annual,5782,1218,9965,325
NULL,NULL,"2021-06-04 02:10:40","2022-08-31 10:53:47","2022-06-13 00:00:00",NULL,"2022-06-04 00:00:00","2023-08-31 10:53:47",annual,annual,59138,4581,9966,79
NULL,NULL,"2021-05-28 09:41:35","2022-08-31 13:26:45","2022-06-06 00:00:00",NULL,"2022-05-28 00:00:00","2023-08-31 13:26:45",annual,annual,156038,4361,9969,86
"2022-03-30 00:00:00",NULL,"2021-01-28 23:46:34","2022-08-31 14:03:32","2022-04-05 00:00:00",NULL,"2022-04-05 00:00:00","2023-08-31 14:03:32",annual,annual,111643,3062,9970,148
NULL,NULL,"2021-03-30 04:58:45","2022-08-31 15:26:34","2022-04-08 00:00:00",NULL,"2022-03-30 00:00:00","2023-08-31 15:26:34",annual,annual,147666,3921,9973,145
"2022-03-27 00:00:00",NULL,"2021-01-28 23:46:34","2022-08-31 15:27:24","2022-04-06 00:00:00",NULL,"2022-04-06 00:00:00","2023-08-31 15:27:24",annual,annual,4833,3061,9974,147
"2021-08-22 00:00:00",NULL,"2021-01-28 23:44:53","2022-08-31 15:27:50","2021-09-17 00:00:00",NULL,"2021-09-17 03:00:00","2023-08-31 15:27:50",annual,annual,9169,1408,9975,348
NULL,NULL,"2021-01-28 23:46:06","2022-08-31 16:23:00","2021-05-07 00:00:00",NULL,"2021-04-28 03:00:00","2023-08-31 16:23:00",annual,annual,13501,2128,9977,481
NULL,NULL,"2021-04-16 08:19:45","2022-08-31 18:07:39","2022-07-25 00:00:00",NULL,"2022-07-16 00:00:00","2023-08-31 18:07:39",annual,annual,7179,4051,9979,37
"2021-08-16 00:00:00",NULL,"2021-01-28 23:44:53","2022-08-31 19:41:38","2021-09-16 00:00:00",NULL,"2021-09-16 03:00:00","2023-08-31 19:41:38",annual,annual,7127,1415,9981,349
NULL,NULL,"2021-06-04 06:57:11","2022-08-31 19:48:39","2022-06-13 00:00:00",NULL,"2022-06-04 00:00:00","2023-08-31 19:48:39",annual,annual,30594,4587,9982,79
NULL,NULL,"2021-01-28 23:46:06","2022-09-06 05:54:23","2022-04-29 00:00:00",NULL,"2022-04-20 00:00:00","2023-09-06 05:54:23",annual,annual,1864,2578,10018,130
NULL,NULL,"2021-07-23 13:52:37","2022-09-06 20:21:33","2022-08-01 00:00:00",NULL,"2022-07-23 00:00:00","2023-09-06 20:21:33",annual,annual,161346,4923,10026,36
"2021-08-30 00:00:00",NULL,"2021-06-18 18:45:23","2022-09-08 11:38:02","2021-09-18 00:00:00",NULL,"2021-09-18 00:00:00","2023-02-08 11:38:02",monthly,monthly,157722,4673,10041,355
NULL,NULL,"2021-07-25 14:26:51","2022-09-11 10:21:04","2022-08-03 00:00:00",NULL,"2022-07-25 00:00:00","2023-09-11 10:21:04",annual,annual,43604,4959,10062,39
"2021-03-16 00:00:00",NULL,"2021-01-28 23:44:53","2022-09-20 14:52:51","2021-04-16 00:00:00",NULL,"2021-04-16 00:00:00","2023-09-20 14:52:51",monthly,annual,4167,1416,10136,522
NULL,NULL,"2021-01-28 23:44:54","2022-09-20 16:12:29","2022-07-08 00:00:00",NULL,"2022-07-06 00:00:00","2023-09-20 16:12:29",annual,annual,6359,1782,10140,74
NULL,NULL,"2021-07-27 21:13:17","2022-09-23 21:49:03","2022-08-05 00:00:00",NULL,"2022-07-27 00:00:00","2023-09-23 21:49:03",annual,annual,161640,5014,10199,49
NULL,NULL,"2021-01-28 23:44:10","2022-09-29 12:08:23","2021-12-04 00:00:00",NULL,"2021-11-25 02:00:00","2023-09-29 12:08:23",annual,annual,872,884,10299,299
NULL,"2022-11-18 13:56:10","2021-01-28 23:44:10","2022-10-05 13:32:06","2021-02-04 00:00:00","2022-12-05 13:41:00","2021-01-31 02:00:00","2022-12-05 13:32:06",monthly,monthly,4439,419,10391,608
NULL,"2023-01-03 16:28:17","2021-02-20 11:13:52","2022-10-15 14:41:24","2022-05-24 00:00:00","2023-01-15 15:01:20","2022-05-20 00:00:00","2023-01-15 14:41:24",monthly,monthly,145185,3418,10476,144
"2021-06-02 00:00:00","2022-10-18 15:44:54","2021-06-02 18:01:06","2022-10-17 19:28:01","2022-06-02 00:00:00","2022-10-19 07:05:34","2022-06-02 00:00:00","2023-10-17 19:28:01",annual,annual,147305,4527,10488,137
NULL,NULL,"2021-07-04 07:13:18","2022-10-19 16:23:28","2022-10-13 00:00:00",NULL,"2022-10-04 00:00:00","2023-10-19 16:23:28",annual,annual,159105,4757,10507,6
NULL,NULL,"2021-01-28 23:44:53","2022-10-20 02:55:09","2022-09-30 00:00:00",NULL,"2022-09-21 00:00:00","2023-10-20 02:55:09",annual,annual,7752,1353,10513,20
"2022-03-18 00:00:00",NULL,"2021-03-19 05:42:22","2022-10-20 05:31:37","2022-03-19 00:00:00",NULL,"2022-03-19 00:00:00","2023-10-20 05:31:37",annual,annual,147178,3790,10514,215
NULL,NULL,"2021-01-28 23:46:06","2022-10-20 08:36:30","2022-05-01 00:00:00",NULL,"2022-04-23 00:00:00","2023-10-20 08:36:30",annual,annual,1382,2345,10517,172
"2021-02-15 00:00:00",NULL,"2021-01-28 23:44:53","2022-10-20 09:22:03","2021-03-10 00:00:00",NULL,"2021-03-10 00:00:00","2023-10-20 09:22:03",monthly,annual,9377,1159,10519,589
NULL,NULL,"2021-01-28 23:44:54","2022-10-20 11:14:41","2022-07-18 00:00:00",NULL,"2023-07-18 00:00:00","2023-10-20 11:14:41",annual,annual,18678,1603,10523,94
"2021-02-06 00:00:00",NULL,"2021-01-28 23:44:10","2022-10-20 12:29:08","2021-02-15 00:00:00",NULL,"2021-02-15 02:00:00","2023-10-20 12:29:08",monthly,annual,5470,534,10524,612
NULL,NULL,"2021-01-28 23:44:10","2022-10-20 15:23:46","2021-12-06 00:00:00",NULL,"2021-11-27 02:00:00","2023-10-20 15:23:46",annual,annual,143012,837,10526,318
"2021-04-05 00:00:00",NULL,"2021-01-28 23:46:06","2022-10-20 17:51:26","2021-04-29 00:00:00",NULL,"2021-04-29 03:00:00","2023-10-20 17:51:26",annual,annual,17823,2085,10530,539
"2021-04-06 00:00:00",NULL,"2021-01-28 23:46:06","2022-10-21 02:25:08","2021-04-18 00:00:00",NULL,"2021-04-18 03:00:00","2023-10-21 02:25:08",annual,annual,3426,2668,10535,551
NULL,NULL,"2021-01-28 23:44:10","2022-10-21 02:57:07","2022-01-19 00:00:00",NULL,"2023-01-19 00:00:00","2023-10-21 02:57:07",annual,annual,2104,139,10536,275
"2022-02-18 00:00:00",NULL,"2021-06-04 01:37:50","2022-10-21 11:05:50","2022-09-04 00:00:00",NULL,"2022-09-04 00:00:00","2023-10-21 11:05:50",annual,annual,156776,4579,10539,47
NULL,NULL,"2021-01-28 23:44:54","2022-10-21 12:18:50","2021-07-31 00:00:00",NULL,"2021-07-17 03:00:00","2023-10-21 12:18:50",annual,annual,18531,1604,10540,447
NULL,NULL,"2021-01-28 23:46:06","2022-10-21 15:19:01","2021-04-29 00:00:00",NULL,"2021-04-20 03:00:00","2023-10-21 15:19:01",annual,annual,14491,2589,10541,540
"2021-09-17 00:00:00",NULL,"2021-01-28 23:44:53","2022-10-21 16:12:52","2021-09-24 00:00:00",NULL,"2021-09-24 03:00:00","2023-10-21 16:12:52",annual,annual,8758,1308,10542,392
NULL,NULL,"2021-01-28 23:46:06","2022-10-21 17:50:13","2021-05-05 00:00:00",NULL,"2021-04-26 03:00:00","2023-10-21 17:50:13",annual,annual,31660,2220,10544,534
"2021-04-07 00:00:00",NULL,"2021-01-28 23:46:06","2022-10-22 02:14:53","2021-05-07 00:00:00",NULL,"2021-05-07 03:00:00","2023-10-22 02:14:53",annual,annual,17174,2042,10547,533
"2022-07-23 00:00:00",NULL,"2021-06-18 14:57:57","2022-10-25 17:28:23","2022-09-18 00:00:00",NULL,"2022-09-18 00:00:00","2023-10-25 17:28:23",annual,annual,130021,4669,10573,37
NULL,"2022-11-01 19:31:11","2021-01-28 23:44:53","2022-10-25 18:48:56","2021-11-23 00:00:00","2022-11-02 08:07:55","2021-11-14 02:00:00","2022-11-25 18:48:56",annual,monthly,4013,1003,10575,336
"2021-03-15 00:00:00",NULL,"2021-01-28 23:46:06","2022-10-26 17:39:16","2021-04-15 00:00:00",NULL,"2021-04-15 03:00:00","2023-10-26 17:39:16",annual,annual,23287,2893,10583,559
NULL,"2022-12-29 18:33:52","2021-07-27 16:42:39","2022-10-28 21:17:38","2022-08-05 00:00:00","2023-01-28 21:17:38","2022-07-27 00:00:00","2023-01-28 21:17:38",annual,monthly,161626,5010,10598,84
"2021-08-24 00:00:00",NULL,"2021-01-28 23:44:53","2022-10-29 05:40:29","2021-09-24 00:00:00",NULL,"2021-09-24 03:00:00","2023-11-22 05:12:57",annual,annual,1374,1289,10602,400
NULL,NULL,"2021-05-31 13:59:57","2022-10-29 14:43:26","2022-06-09 00:00:00",NULL,"2022-05-31 00:00:00","2023-10-29 14:43:26",annual,annual,139185,4463,10605,142
"2021-09-12 00:00:00","2021-10-03 00:00:00","2021-09-12 15:27:31","2021-09-25 13:23:03","2021-09-15 00:00:00","2021-10-25 00:00:00","2022-09-12 00:00:00","2021-10-25 00:00:00",annual,monthly,169259,5398,5490,10
"2021-09-25 00:00:00","2021-10-30 00:00:00","2021-08-26 06:40:50","2021-09-29 05:59:56","2021-09-26 00:00:00","2021-10-29 00:00:00","2021-09-26 00:00:00","2021-10-29 00:00:00",monthly,monthly,165801,5248,5571,3
NULL,NULL,"2021-08-20 05:18:53","2021-10-04 17:23:45","2021-09-25 00:00:00","2021-11-08 00:00:00","2021-09-20 00:00:00","2021-11-04 00:00:00",annual,monthly,160122,5192,5614,9
NULL,NULL,"2021-10-14 08:43:24","2021-11-22 15:01:58","2021-11-12 00:00:00","2022-11-23 00:00:00","2022-10-14 00:00:00","2022-11-22 00:00:00",annual,annual,171405,5694,5819,10
"2021-11-22 00:00:00","2022-09-24 00:00:00","2021-11-07 17:27:26","2021-11-24 02:52:56","2021-11-22 00:00:00","2022-11-24 00:00:00","2022-11-07 00:00:00","2022-11-24 00:00:00",annual,annual,240444,5752,5989,2
"2021-09-20 00:00:00","2022-12-03 00:00:00","2021-08-16 21:50:54","2021-12-03 13:02:24","2021-10-16 00:00:00","2022-12-05 00:00:00","2021-10-16 00:00:00","2023-12-03 00:00:00",monthly,annual,163884,5153,7028,48
NULL,NULL,"2021-11-25 19:19:05","2022-01-05 14:23:11","2021-12-29 00:00:00","2022-04-09 00:00:00","2021-12-25 00:00:00","2022-04-05 00:00:00",monthly,monthly,238987,6123,7272,7
NULL,NULL,"2021-08-19 07:04:25","2022-01-07 12:24:03","2021-12-23 00:00:00","2022-02-11 00:00:00","2021-12-19 00:00:00","2022-02-07 00:00:00",monthly,monthly,164356,5178,7283,15
"2021-12-24 00:00:00","2022-03-11 00:00:00","2021-11-24 12:28:12","2022-01-12 07:52:39","2021-12-24 00:00:00","2022-03-12 00:00:00","2021-12-24 00:00:00","2022-03-12 00:00:00",monthly,monthly,240553,6015,7332,19
NULL,"2022-02-14 00:00:00","2022-01-02 01:17:12","2022-01-27 18:33:23","2022-01-06 00:00:00","2023-01-27 00:00:00","2023-01-02 00:00:00","2023-01-27 00:00:00",annual,annual,258913,7245,7633,21
NULL,NULL,"2021-12-16 08:44:37","2022-01-28 19:24:00","2022-01-20 00:00:00","2022-03-04 00:00:00","2022-01-16 00:00:00","2022-02-28 00:00:00",monthly,monthly,248535,7114,7697,8
"2022-01-10 00:00:00","2022-02-12 13:53:31","2022-01-10 02:07:15","2022-02-12 13:51:26","2022-02-10 00:00:00","2022-03-12 14:01:11","2022-02-10 00:00:00","2022-03-12 13:51:26",monthly,monthly,259865,7307,7817,2
"2021-11-27 00:00:00",NULL,"2021-11-27 09:38:27","2022-02-14 19:12:42","2021-11-29 00:00:00",NULL,"2022-11-27 00:00:00","2023-02-14 19:12:42",annual,annual,254541,6278,7839,77
"2021-11-22 00:00:00",NULL,"2021-10-16 11:50:02","2022-02-16 16:30:47","2021-12-16 00:00:00",NULL,"2021-12-16 00:00:00","2023-02-16 16:30:47",monthly,annual,172427,5715,7867,62
"2022-02-13 00:00:00",NULL,"2022-01-14 18:23:58","2022-02-16 17:42:57","2022-02-14 00:00:00",NULL,"2022-02-14 00:00:00","2023-02-16 17:42:57",monthly,annual,213109,7364,7869,2
NULL,NULL,"2021-12-06 11:13:47","2022-02-17 07:29:06","2022-02-10 00:00:00",NULL,"2022-02-06 00:00:00","2023-02-17 07:29:06",monthly,annual,255534,7045,7884,7
NULL,NULL,"2021-11-22 16:02:08","2022-02-17 12:13:51","2021-12-26 00:00:00",NULL,"2021-12-22 00:00:00","2023-02-17 12:13:51",monthly,annual,218237,5840,7892,53
NULL,NULL,"2021-09-30 19:21:35","2022-03-05 14:24:40","2021-12-04 00:00:00","2022-04-18 15:00:53","2021-11-30 00:00:00","2022-04-05 14:24:40",monthly,monthly,6026,5594,8028,91
NULL,NULL,"2021-09-03 10:58:40","2022-03-15 12:04:06","2022-02-07 00:00:00",NULL,"2022-02-03 00:00:00","2023-02-15 12:04:06",monthly,monthly,160960,5352,8118,36
NULL,"2022-06-12 21:32:53","2022-01-01 15:04:58","2022-03-18 14:44:40","2022-02-05 00:00:00","2022-06-18 15:01:17","2022-02-01 00:00:00","2022-04-18 14:44:40",monthly,monthly,33495,7238,8149,41
"2022-03-15 08:39:31",NULL,"2022-02-19 15:06:47","2022-03-28 07:30:02","2022-03-19 15:21:11",NULL,"2022-03-19 15:06:47","2023-03-28 07:30:02",monthly,annual,258930,7909,8265,9
"2022-02-25 00:00:00",NULL,"2021-12-26 15:21:55","2022-03-29 10:18:30","2022-02-26 00:00:00","2022-05-12 10:41:03","2022-02-26 00:00:00","2022-04-29 10:18:30",monthly,monthly,257898,7183,8285,31
NULL,NULL,"2022-01-15 11:33:25","2022-03-29 12:59:24","2022-03-19 00:00:00",NULL,"2022-03-15 00:00:00","2023-03-29 12:59:24",monthly,annual,260356,7370,8288,10
"2022-03-10 01:07:17",NULL,"2022-02-10 16:47:02","2022-03-30 16:34:22","2022-03-10 17:01:37",NULL,"2022-03-10 16:47:02","2023-03-30 16:34:22",monthly,annual,262580,7808,8336,20
"2022-03-21 00:00:00",NULL,"2022-01-27 22:20:33","2022-03-30 17:03:10","2022-03-27 00:00:00",NULL,"2022-03-27 00:00:00","2023-03-30 17:03:10",monthly,annual,258782,7648,8339,3
"2022-01-31 00:00:00","2022-06-06 20:00:47","2021-11-30 09:43:47","2022-04-08 14:33:22","2022-01-30 00:00:00","2022-06-08 14:40:58","2022-01-30 00:00:00","2022-05-08 14:33:22",monthly,monthly,247713,6821,8469,68
NULL,NULL,"2022-02-19 06:37:03","2022-04-16 08:27:20","2022-04-08 13:14:12","2022-05-31 09:22:15","2022-03-19 06:37:03","2022-05-16 08:27:20",monthly,monthly,236797,7907,8548,8
NULL,NULL,"2022-02-25 09:02:39","2022-04-19 03:09:07","2022-04-08 13:16:47","2022-07-02 03:41:01","2022-03-25 09:02:39","2022-05-19 03:09:07",monthly,monthly,255827,7960,8569,11
"2022-04-02 23:17:48","2022-05-11 05:34:48","2022-03-04 19:02:07","2022-04-22 03:12:59","2022-04-04 19:21:22","2022-05-22 03:20:55","2022-04-04 19:02:07","2022-05-22 03:12:59",monthly,monthly,205950,8023,8595,18
"2022-04-13 14:35:27","2022-05-11 02:33:57","2022-04-06 15:25:20","2022-05-09 03:29:02","2022-05-06 15:41:17","2022-06-09 03:40:45","2022-05-06 15:25:20","2022-06-09 03:29:02",monthly,monthly,269843,8443,8715,3
NULL,NULL,"2022-01-27 23:52:08","2022-05-21 19:44:27","2022-02-21 00:00:00","2022-07-04 20:21:13","2023-01-27 00:00:00","2022-06-21 19:44:27",annual,monthly,261788,7656,8821,89
NULL,NULL,"2022-03-26 05:39:15","2022-05-27 06:22:54","2022-04-26 12:37:35",NULL,"2023-03-26 05:39:15","2023-05-27 06:22:54",annual,annual,213528,8243,8877,31
"2022-05-24 16:30:27",NULL,"2022-05-06 16:45:02","2022-05-28 19:17:41","2022-05-26 14:05:24",NULL,"2023-05-06 16:45:02","2023-05-28 19:17:41",annual,annual,263309,8698,8897,2
NULL,NULL,"2022-05-14 13:43:37","2022-05-30 03:11:56","2022-05-23 06:43:22",NULL,"2023-05-14 13:43:37","2023-05-30 03:11:56",annual,annual,273936,8751,8930,7
"2022-03-02 07:42:10",NULL,"2022-02-13 16:08:58","2022-06-02 10:10:57","2022-03-13 16:21:05",NULL,"2022-03-13 16:08:58","2023-02-02 10:10:57",monthly,monthly,161693,7824,9065,81
NULL,NULL,"2022-02-24 19:20:21","2022-06-08 19:45:32","2022-06-06 20:01:10","2022-09-09 11:20:35","2022-03-24 19:20:21","2022-10-08 19:45:32",monthly,monthly,182962,7956,9122,2
NULL,"2022-07-12 14:14:10","2022-02-24 09:28:41","2022-06-17 16:14:52","2022-05-07 10:01:01","2022-07-17 16:21:36","2022-03-24 09:28:41","2022-07-17 16:14:52",monthly,monthly,144397,7952,9185,41
"2022-04-18 18:27:39","2022-10-19 09:52:43","2022-03-24 12:56:03","2022-06-22 16:14:02","2022-04-24 13:01:01","2022-10-22 16:21:06","2022-04-24 12:56:03","2022-10-22 16:14:02",monthly,monthly,268113,8212,9232,59
NULL,NULL,"2022-01-24 02:41:12","2022-06-26 13:15:08","2022-01-25 00:00:00",NULL,"2023-04-24 00:00:00","2023-06-26 13:15:08",annual,annual,261393,7512,9253,152
NULL,NULL,"2022-04-18 13:08:32","2022-06-26 16:10:34","2022-04-28 14:36:02",NULL,"2023-04-18 13:08:32","2023-06-26 16:10:34",annual,annual,271169,8565,9256,59
"2021-12-11 00:00:00",NULL,"2021-11-28 11:13:26","2022-06-27 07:13:27","2021-12-22 00:00:00",NULL,"2022-11-28 00:00:00","2023-06-27 07:13:27",annual,annual,239932,6390,9264,187
NULL,NULL,"2022-04-10 05:12:41","2022-06-27 08:21:55","2022-05-23 05:40:50","2022-08-09 09:00:53","2022-05-10 05:12:41","2022-07-27 08:21:55",monthly,monthly,270179,8487,9266,35
NULL,"2023-01-03 18:54:30","2022-03-09 23:11:35","2022-06-27 21:18:13","2022-06-22 23:40:47","2023-01-27 21:18:13","2022-04-09 23:11:35","2023-01-27 21:18:13",monthly,monthly,266366,8067,9282,5
"2022-04-13 00:00:00",NULL,"2021-09-25 13:21:35","2022-06-29 13:24:51","2022-04-25 00:00:00",NULL,"2022-04-25 00:00:00","2023-06-29 13:24:51",monthly,annual,171248,5489,9304,65
"2022-01-18 00:00:00",NULL,"2021-08-06 20:04:33","2022-07-01 19:36:48","2022-02-06 00:00:00","2022-11-14 20:01:37","2022-02-06 00:00:00","2022-11-01 19:36:48",monthly,monthly,162320,5108,9332,145
NULL,"2022-10-02 17:37:09","2022-01-25 17:08:14","2022-07-31 17:52:48","2022-03-01 00:00:00","2022-10-30 18:01:00","2022-02-25 00:00:00","2022-10-30 17:52:48",monthly,monthly,177810,7551,9716,152
"2022-05-25 01:13:06","2022-09-23 04:09:10","2022-05-24 16:04:15","2022-08-07 22:54:37","2022-05-25 05:47:44","2022-10-07 23:01:04","2022-06-24 16:04:15","2022-10-07 22:54:37",monthly,monthly,274781,8843,9772,74
"2022-02-24 00:00:00",NULL,"2021-12-01 10:29:52","2022-08-11 10:37:35","2022-03-01 00:00:00","2022-09-24 11:00:52","2022-03-01 00:00:00","2022-09-11 10:37:35",monthly,monthly,239031,6884,9803,163
"2022-03-21 00:00:00","2022-08-31 05:16:15","2022-01-20 19:03:24","2022-08-17 00:38:06","2022-04-20 00:00:00","2022-09-17 00:40:50","2022-04-20 00:00:00","2022-09-17 00:38:06",monthly,monthly,261073,7452,9833,119
"2021-12-08 00:00:00",NULL,"2021-11-23 23:00:34","2022-08-30 19:59:48","2021-12-09 00:00:00","2022-09-05 11:39:41","2022-11-23 00:00:00","2023-08-30 19:59:48",annual,annual,253904,5980,9952,264
NULL,"2022-10-26 08:20:26","2022-07-13 09:46:05","2022-09-06 14:47:33","2022-08-26 10:20:42","2022-11-06 15:01:18","2022-08-13 09:46:05","2022-10-06 14:47:33",monthly,monthly,279404,9419,10023,11
NULL,NULL,"2022-07-16 19:56:20","2022-09-07 15:21:59","2022-08-09 10:59:58",NULL,"2023-07-16 19:56:20","2023-09-07 15:21:59",annual,annual,280932,9444,10031,29
NULL,NULL,"2022-04-08 19:36:38","2022-09-08 21:14:37","2022-08-21 20:00:56",NULL,"2022-05-08 19:36:38","2023-02-08 21:14:37",monthly,monthly,1436,8475,10045,18
NULL,NULL,"2022-06-14 15:18:04","2022-09-10 10:57:09","2022-07-27 15:41:00","2022-10-23 11:20:47","2022-07-14 15:18:04","2022-10-10 10:57:09",monthly,monthly,217976,9157,10055,45
NULL,NULL,"2022-06-10 02:08:14","2022-09-10 17:26:39","2022-07-23 02:40:47",NULL,"2022-07-10 02:08:14","2023-02-10 17:26:39",monthly,monthly,163914,9131,10057,49
NULL,NULL,"2022-04-29 12:42:16","2022-09-23 10:08:50","2022-06-11 13:20:44","2022-11-05 10:40:47","2022-05-29 12:42:16","2022-10-23 10:08:50",monthly,monthly,271465,8652,10183,104
"2021-11-22 00:00:00",NULL,"2021-09-10 18:16:49","2022-09-27 17:24:44","2022-09-10 00:00:00",NULL,"2022-09-10 00:00:00","2023-09-27 17:24:44",annual,annual,166145,5389,10245,17
NULL,NULL,"2022-09-21 16:30:39","2022-09-28 22:00:25","2022-09-26 09:10:28","2022-10-04 12:33:19","2023-09-21 16:30:39","2023-09-28 22:00:25",annual,annual,291575,10156,10282,2
"2022-09-27 20:24:54",NULL,"2022-08-02 15:50:47","2022-10-07 01:10:47","2022-10-02 16:01:30",NULL,"2022-10-02 15:50:47","2023-02-07 01:10:47",monthly,monthly,278789,9730,10406,5
"2022-03-13 00:00:00",NULL,"2021-12-14 21:53:56","2022-10-08 11:56:37","2022-03-14 00:00:00",NULL,"2022-03-14 00:00:00","2023-02-08 11:56:37",monthly,monthly,256539,7107,10415,208
NULL,NULL,"2022-10-11 08:32:27","2022-10-13 07:59:10","2022-10-11 14:45:01",NULL,"2023-10-11 08:32:27","2023-10-13 07:59:10",annual,annual,294227,10430,10454,2
"2022-09-30 00:00:00",NULL,"2021-10-09 21:46:15","2022-10-14 13:53:14","2022-10-09 00:00:00",NULL,"2022-10-09 00:00:00","2023-10-14 13:53:14",annual,annual,172289,5647,10473,5
"2022-09-29 16:57:12","2022-10-20 00:54:34","2022-08-31 16:52:47","2022-10-19 19:41:50","2022-09-30 17:01:06","2023-10-19 19:41:50","2022-09-30 16:52:47","2023-10-19 19:41:50",monthly,annual,184509,9978,10510,19
"2022-09-30 16:51:49",NULL,"2022-07-02 21:33:28","2022-10-21 17:11:56","2022-10-02 21:41:04",NULL,"2022-10-02 21:33:28","2023-10-21 17:11:56",monthly,annual,279178,9341,10543,19
NULL,NULL,"2021-09-29 18:25:39","2022-10-22 07:13:43","2022-10-08 00:00:00",NULL,"2022-09-29 00:00:00","2023-10-22 07:13:43",annual,annual,171464,5578,10550,14
NULL,NULL,"2022-08-21 22:17:42","2022-10-26 15:26:25","2022-10-04 22:41:12","2022-12-09 16:01:20","2022-09-21 22:17:42","2022-11-26 15:26:25",monthly,monthly,287436,9875,10581,22
"2021-09-30 00:00:00","2021-10-07 00:00:00","2021-09-30 01:38:14","2021-10-07 02:04:28","2021-10-01 00:00:00","2023-01-07 00:00:00","2022-09-30 00:00:00","2023-01-07 00:00:00",annual,annual,161580,5586,5632,6
NULL,NULL,"2021-08-05 09:55:10","2021-10-15 09:58:05","2021-10-09 00:00:00","2022-01-19 00:00:00","2021-10-05 00:00:00","2022-01-15 00:00:00",annual,annual,162207,5096,5706,6
"2021-09-06 00:00:00","2021-11-07 00:00:00","2021-08-06 18:29:58","2021-11-06 15:13:51","2021-10-06 00:00:00","2021-12-06 00:00:00","2021-10-06 00:00:00","2021-12-06 00:00:00",monthly,monthly,151556,5106,5750,31
"2021-11-24 00:00:00",NULL,"2021-11-22 20:33:22","2021-11-29 11:57:42","2021-11-25 00:00:00","2022-04-01 00:00:00","2022-11-22 00:00:00","2022-03-28 00:00:00",annual,monthly,242677,5882,6676,4
NULL,NULL,"2021-09-11 12:24:08","2021-12-05 02:30:43","2021-10-15 00:00:00","2022-02-09 00:00:00","2021-10-11 00:00:00","2022-02-05 00:00:00",monthly,monthly,158724,5393,7038,51
NULL,NULL,"2021-11-11 08:33:38","2021-12-07 08:20:26","2021-12-02 00:00:00",NULL,"2022-11-11 00:00:00","2023-12-07 00:00:00",annual,annual,178111,5757,7051,5
"2021-11-11 00:00:00","2022-02-18 00:00:00","2021-09-15 05:25:12","2021-12-25 06:47:50","2021-11-15 00:00:00","2022-02-25 00:00:00","2021-11-15 00:00:00","2022-02-25 00:00:00",monthly,monthly,156660,5405,7170,40
NULL,NULL,"2021-11-19 17:24:34","2022-01-02 07:38:02","2021-12-23 00:00:00","2022-02-06 00:00:00","2021-12-19 00:00:00","2022-02-02 00:00:00",monthly,monthly,250078,5803,7247,10
"2021-11-22 00:00:00","2022-02-12 00:00:00","2021-11-22 17:10:02","2022-01-12 11:45:50","2021-12-22 00:00:00","2022-02-12 00:00:00","2021-12-22 00:00:00","2022-02-12 00:00:00",monthly,monthly,179137,5852,7337,21
NULL,NULL,"2021-11-23 12:17:41","2022-01-21 09:37:28","2021-12-27 00:00:00","2022-08-25 00:00:00","2021-12-23 00:00:00","2022-08-21 00:00:00",monthly,monthly,196538,5931,7467,25
"2021-10-27 00:00:00",NULL,"2021-09-27 13:12:17","2022-01-31 03:49:58","2021-10-27 00:00:00","2022-04-01 00:00:00","2021-10-27 00:00:00","2022-03-28 00:00:00",monthly,monthly,145313,5537,7703,96
NULL,"2022-04-28 00:00:00","2021-11-23 12:16:55","2022-01-31 08:58:07","2022-01-27 00:00:00","2022-04-28 00:00:00","2022-01-23 00:00:00","2022-04-28 00:00:00",monthly,monthly,248305,5930,7704,4
NULL,NULL,"2021-12-13 08:34:23","2022-02-08 12:55:00","2022-01-17 00:00:00","2022-04-06 08:13:29","2022-01-13 00:00:00","2022-03-08 12:55:00",monthly,monthly,198947,7096,7775,22
NULL,"2022-12-20 15:43:33","2022-01-28 05:04:29","2022-02-17 05:10:37","2022-02-14 00:00:00","2023-02-17 05:10:37","2023-01-28 00:00:00","2023-02-17 05:10:37",annual,annual,261805,7673,7879,3
"2021-10-14 00:00:00",NULL,"2021-09-15 20:35:22","2022-02-17 13:21:52","2021-10-15 00:00:00",NULL,"2021-10-15 00:00:00","2023-02-17 13:21:52",monthly,annual,93270,5407,7894,125
"2021-09-23 00:00:00",NULL,"2021-08-28 09:30:34","2022-03-24 01:56:08","2021-09-28 00:00:00","2022-03-30 06:50:56","2021-09-28 00:00:00","2023-03-24 01:56:08",monthly,annual,157613,5290,8203,177
NULL,"2022-04-15 01:19:57","2022-01-09 11:06:20","2022-03-27 12:28:16","2022-02-13 00:00:00",NULL,"2022-02-09 00:00:00","2023-03-27 12:28:16",annual,annual,259504,7301,8257,42
NULL,"2022-10-12 00:54:11","2022-01-21 20:18:45","2022-03-29 20:08:06","2022-02-07 00:00:00","2023-03-29 20:08:06","2023-01-21 00:00:00","2023-03-29 20:08:06",annual,annual,261200,7476,8303,50
"2022-03-25 08:47:07","2022-04-05 05:02:59","2022-03-20 10:12:09","2022-03-30 18:59:08","2022-03-28 14:47:59","2022-04-05 06:11:19","2023-03-20 10:12:09","2023-03-30 18:59:08",annual,annual,267089,8164,8347,2
NULL,NULL,"2021-11-24 19:08:13","2022-04-04 22:55:33","2021-12-28 00:00:00","2022-07-17 23:21:11","2021-12-24 00:00:00","2022-05-04 22:55:33",monthly,monthly,225216,6048,8432,97
NULL,NULL,"2022-02-23 23:10:20","2022-04-21 00:57:58","2022-04-08 13:16:18","2022-06-03 01:21:05","2022-03-23 23:10:20","2022-05-21 00:57:58",monthly,monthly,195307,7950,8587,13
NULL,NULL,"2022-02-23 15:31:32","2022-04-23 07:49:46","2022-04-08 13:15:18","2022-06-05 08:20:58","2022-03-23 15:31:32","2022-05-23 07:49:46",monthly,monthly,264514,7946,8601,15
"2022-02-03 00:00:00","2022-06-10 14:26:19","2022-01-04 14:20:41","2022-05-10 14:54:37","2022-02-04 00:00:00","2022-06-10 15:01:13","2022-02-04 00:00:00","2022-06-10 14:54:37",monthly,monthly,4874,7260,8726,95
"2022-03-26 20:13:11","2022-05-21 20:47:54","2022-03-03 17:08:47","2022-05-17 05:29:07","2022-04-03 17:21:05","2022-06-17 05:40:52","2022-04-03 17:08:47","2022-06-17 05:29:07",monthly,monthly,265241,8016,8773,44
"2021-11-08 00:00:00",NULL,"2021-09-12 12:02:15","2022-05-30 07:35:03","2021-11-12 00:00:00",NULL,"2021-11-12 00:00:00","2023-01-30 07:35:03",monthly,monthly,159071,5397,8934,199
"2021-10-19 00:00:00",NULL,"2021-08-19 06:19:52","2022-06-07 17:23:13","2021-10-19 00:00:00","2022-07-20 18:01:15","2021-10-19 00:00:00","2022-07-07 17:23:13",monthly,monthly,5603,5176,9109,231
"2022-04-24 16:28:17","2022-07-25 11:21:26","2022-04-10 23:20:33","2022-06-15 03:12:14","2022-05-10 23:40:53","2022-08-15 03:21:02","2022-05-10 23:20:33","2022-08-15 03:12:14",monthly,monthly,270247,8494,9164,36
"2022-04-18 18:49:10","2022-07-09 14:01:13","2022-03-24 17:52:17","2022-06-16 14:09:39","2022-04-24 18:01:18","2022-07-16 14:20:54","2022-04-24 17:52:17","2022-07-16 14:09:39",monthly,monthly,182728,8217,9178,53
NULL,NULL,"2021-09-28 11:38:51","2022-06-20 03:16:36","2021-10-11 00:00:00",NULL,"2021-10-28 00:00:00","2023-06-20 03:16:36",monthly,annual,171536,5561,9206,252
NULL,NULL,"2022-03-02 18:29:30","2022-06-27 20:36:05","2022-05-11 15:27:18","2022-08-09 21:01:02","2022-04-02 18:29:30","2022-07-27 20:36:05",monthly,monthly,262569,8011,9281,47
"2021-12-22 00:00:00",NULL,"2021-12-07 10:46:47","2022-06-28 07:33:09","2022-01-07 00:00:00",NULL,"2022-01-07 00:00:00","2023-06-28 07:33:09",monthly,annual,185019,7052,9285,172
NULL,NULL,"2022-01-18 12:07:58","2022-06-29 14:22:25","2022-02-22 00:00:00",NULL,"2022-02-18 00:00:00","2023-06-29 14:22:25",monthly,annual,238800,7407,9305,127
NULL,"2022-08-07 08:56:29","2021-09-21 08:26:50","2022-07-06 17:15:40","2021-10-15 00:00:00","2022-09-06 17:21:24","2022-09-21 00:00:00","2022-09-06 17:15:40",annual,monthly,169991,5441,9364,264
"2022-06-07 21:08:41","2022-07-09 16:35:43","2022-06-07 14:13:07","2022-07-09 16:32:03","2022-07-07 14:20:58","2022-08-09 16:41:05","2022-07-07 14:13:07","2022-08-09 16:32:03",monthly,monthly,190610,9108,9387,2
NULL,"2022-08-12 08:42:39","2022-03-26 10:19:43","2022-07-13 04:34:12","2022-06-08 10:40:55","2022-08-13 04:40:47","2022-04-26 10:19:43","2022-08-13 04:34:12",monthly,monthly,182,8246,9415,35
"2022-06-07 17:45:20","2022-09-14 17:26:34","2022-02-11 11:34:53","2022-07-22 10:06:56","2022-06-11 11:40:41","2022-09-22 10:20:50","2022-06-11 11:34:53","2022-09-22 10:06:56",monthly,monthly,261828,7814,9515,41
"2022-06-12 09:55:41",NULL,"2022-05-13 00:48:44","2022-08-07 07:08:50","2022-06-13 01:00:51","2022-09-20 07:40:52","2022-06-13 00:48:44","2022-09-07 07:08:50",monthly,monthly,180153,8745,9766,55
"2022-06-23 12:33:41",NULL,"2022-06-23 12:10:40","2022-08-10 14:22:38","2022-07-23 12:20:59","2022-11-11 10:27:05","2022-07-23 12:10:40","2022-09-10 14:22:38",monthly,monthly,278995,9241,9798,18
NULL,NULL,"2022-02-25 21:45:46","2022-08-22 14:37:21","2022-04-08 13:17:06","2022-10-05 15:00:49","2022-03-25 21:45:46","2022-09-22 14:37:21",monthly,monthly,156614,7964,9880,136
NULL,NULL,"2022-07-07 01:43:26","2022-08-28 10:35:35","2022-08-20 02:20:57",NULL,"2022-08-07 01:43:26","2023-08-28 10:35:35",monthly,annual,280548,9367,9929,8
NULL,NULL,"2022-06-19 22:12:51","2022-08-30 20:14:43","2022-06-29 06:11:50",NULL,"2023-06-19 22:12:51","2023-08-30 20:14:43",annual,annual,269534,9205,9953,62
"2022-03-28 00:00:00",NULL,"2021-12-01 18:17:38","2022-08-31 19:19:10","2022-04-01 00:00:00",NULL,"2022-04-01 00:00:00","2023-08-31 19:19:10",monthly,annual,225283,6920,9980,152
"2022-07-12 15:37:34",NULL,"2022-04-16 03:44:30","2022-09-01 20:11:59","2022-07-16 04:00:53",NULL,"2022-07-16 03:44:30","2023-09-01 20:11:59",monthly,annual,269130,8546,9993,47
"2022-04-06 18:45:33","2022-10-20 17:48:19","2022-02-15 16:26:13","2022-09-15 22:01:59","2022-04-15 16:41:17","2022-11-15 22:21:03","2022-03-15 16:26:13","2022-11-15 22:01:59",monthly,monthly,263783,7855,10093,153
NULL,NULL,"2021-09-24 19:21:35","2022-10-05 12:14:28","2022-10-03 00:00:00",NULL,"2022-09-24 00:00:00","2023-10-05 12:14:28",annual,annual,167554,5481,10390,2
NULL,NULL,"2021-09-28 05:57:40","2022-10-09 07:45:01","2022-10-07 00:00:00",NULL,"2022-09-28 00:00:00","2023-10-09 07:45:01",annual,annual,143709,5557,10417,2
NULL,NULL,"2021-11-29 06:14:37","2022-10-09 09:50:19","2021-11-29 00:00:00",NULL,"2022-11-29 00:00:00","2023-10-09 09:50:19",annual,annual,254888,6603,10418,314
"2022-08-13 23:14:35","2022-11-14 16:37:07","2022-04-20 06:43:28","2022-10-11 14:14:42","2022-08-20 07:00:58","2022-12-11 14:20:56","2022-08-20 06:43:28","2022-12-11 14:14:42",monthly,monthly,269984,8576,10433,52
"2022-05-29 20:05:16",NULL,"2022-04-30 09:48:59","2022-10-19 18:02:42","2022-05-30 10:00:41",NULL,"2022-05-30 09:48:59","2023-10-19 18:02:42",monthly,annual,182377,8658,10508,142
"2022-06-06 04:39:03","2022-10-20 11:04:37","2022-06-02 23:57:04","2022-10-20 10:58:11","2022-06-06 06:42:56","2023-10-20 10:58:11","2022-07-02 23:57:04","2023-10-20 10:58:11",monthly,annual,275215,9071,10521,136
"2022-08-15 09:07:36",NULL,"2022-05-26 21:24:33","2022-10-20 15:29:32","2022-08-26 21:40:55",NULL,"2022-08-26 21:24:33","2023-10-20 15:29:32",monthly,annual,274836,8872,10527,55
"2022-06-12 11:41:54",NULL,"2022-04-11 18:23:01","2022-10-20 19:58:02","2022-07-11 18:41:09",NULL,"2022-07-11 18:23:01","2023-10-20 19:58:02",monthly,annual,270103,8499,10531,101
"2021-09-27 00:00:00",NULL,"2021-09-27 18:09:50","2022-10-21 05:00:20","2022-09-27 00:00:00",NULL,"2022-09-27 00:00:00","2023-10-21 05:00:20",annual,annual,171476,5545,10537,24
NULL,NULL,"2022-06-06 06:45:30","2022-10-28 10:31:00","2022-10-07 11:33:51","2023-01-16 00:00:00","2023-06-06 06:45:30","2023-10-28 00:00:00",annual,annual,271258,9095,10594,21
